# Blender 4.2.0
# www.blender.org
v 21.682953 -1.531649 3.907543
v 24.425297 -1.178140 3.711012
v 21.200865 -0.199798 5.055703
v 0.644729 -1.945022 6.107388
v 4.344998 -1.812515 6.027401
v 4.344998 -1.664924 6.155935
v 1.310398 5.198295 6.678612
v -0.016531 2.571204 6.870956
v 24.779768 5.420653 6.684967
v 24.779770 4.344269 6.732740
v 27.506258 5.525986 6.685315
v 39.616417 0.603891 0.000005
v 37.944607 0.559239 0.380769
v 39.454540 0.228253 0.000005
v 43.121189 -2.513336 0.296048
v 43.193165 -2.995843 0.000005
v 43.345882 -2.522528 0.000005
v 43.193165 -2.052477 0.000005
v 42.553688 -1.879565 0.439270
v 42.553688 -2.334337 0.619725
v 31.727198 -1.718455 1.878402
v 31.751017 -1.278612 1.809368
v 28.310011 -2.363972 2.236877
v 42.553684 -2.838106 0.394263
v -35.068661 1.030798 6.613201
v -34.603306 -0.333707 5.156540
v -28.651192 0.136070 6.459199
v -35.068661 1.030798 6.613201
v -35.460197 2.119161 6.795320
v -35.622814 2.571201 5.233670
v -12.782306 2.571202 6.870957
v -35.622818 2.571201 6.870959
v 42.517769 6.307303 -0.697465
v 30.036230 5.624798 5.993791
v 28.711973 5.571797 6.375458
v 27.193422 4.404707 6.235736
v 42.008362 6.271757 0.991892
v 43.027176 6.342850 0.403058
v 43.303070 6.357547 0.246642
v 30.583509 4.556144 5.180658
v 33.092632 5.754087 4.989556
v 31.735138 5.696273 5.450606
v 37.364574 5.961781 3.235303
v 34.857479 5.830612 4.337684
v 33.449451 4.663657 4.186579
v 20.302240 2.571202 6.870955
v 21.599388 5.313326 6.679069
v 18.027323 5.198295 6.678610
v 1.165121 2.571203 6.870957
v 1.165120 2.119159 6.794568
v -0.016488 2.119167 6.794387
v 0.644729 -1.945022 6.107388
v 8.655760 5.198295 6.678611
v 8.042322 5.198295 6.678567
v 8.347773 2.571203 6.870955
v 12.660257 5.198295 6.678611
v 12.116366 5.198295 6.678611
v 12.388312 2.571203 6.870955
v 16.426439 0.751827 6.527726
v 19.276520 2.119157 6.795247
v 16.422607 2.119158 6.795151
v 21.200865 -0.199798 5.055703
v 16.426437 -2.054401 4.354754
v 21.682953 -1.531649 3.907543
v 24.964361 -2.671555 2.536985
v 21.682953 -2.974315 2.542178
v 24.973719 -2.974798 2.236777
v 24.990034 -3.700175 1.506880
v -2.970826 2.571203 6.870957
v -35.622818 2.571201 6.870959
v 21.682953 -1.531649 -3.907531
v 21.200867 -0.199798 -5.055691
v 24.425297 -1.178140 -3.711000
v 0.644728 -1.945022 -6.107373
v 4.344997 -1.664924 -6.155921
v 4.344997 -1.812515 -6.027387
v 1.310397 5.198295 -6.678596
v -0.016532 2.571204 -6.870942
v 24.779770 5.420653 -6.684956
v 27.506258 5.525986 -6.685303
v 24.779774 4.344269 -6.732728
v 39.616417 0.603891 0.000005
v 39.454540 0.228253 0.000005
v 37.944607 0.559239 -0.380759
v 43.121189 -2.513336 -0.296039
v 43.345882 -2.522528 0.000005
v 43.193165 -2.995843 0.000005
v 43.193165 -2.052477 0.000005
v 42.553688 -2.334337 -0.619716
v 42.553688 -1.879565 -0.439260
v 31.727198 -1.718455 -1.878391
v 28.310011 -2.363972 -2.236865
v 31.751017 -1.278612 -1.809357
v 42.553684 -2.838106 -0.394254
v -35.068661 1.030798 -6.613180
v -28.651192 0.136070 -6.459180
v -34.603306 -0.333707 -5.156521
v -35.068661 1.030798 -6.613180
v -35.622814 2.571201 -5.233649
v -35.460197 2.119161 -6.795298
v -12.782309 2.571202 -6.870941
v -35.622814 2.571201 -6.870939
v 30.036236 5.624798 -5.993780
v 27.193426 4.404707 -6.235725
v 28.711973 5.571797 -6.375447
v 42.008362 6.271757 -0.991882
v 43.027176 6.342850 -0.403049
v 43.303070 6.357547 -0.246633
v 30.583515 4.556144 -5.180647
v 31.735142 5.696273 -5.450596
v 33.092632 5.754087 -4.989545
v 37.364578 5.961781 -3.235294
v 33.449451 4.663657 -4.186568
v 34.857479 5.830612 -4.337674
v -35.547218 2.299529 -0.464627
v -35.622814 2.571201 -0.269040
v -35.622814 2.571201 -2.196074
v 20.302238 2.571202 -6.870943
v 18.027323 5.198295 -6.678597
v 21.599390 5.313326 -6.679057
v 1.165120 2.571203 -6.870941
v 1.165119 2.119159 -6.794551
v 0.644728 -1.945022 -6.107373
v -0.016489 2.119167 -6.794372
v 8.655758 5.198295 -6.678597
v 8.347772 2.571203 -6.870943
v 8.042321 5.198295 -6.678553
v 12.660255 5.198295 -6.678597
v 12.388310 2.571203 -6.870942
v 12.116364 5.198295 -6.678597
v 16.426439 0.751827 -6.527714
v 16.422607 2.119158 -6.795138
v 19.276520 2.119157 -6.795234
v 21.200867 -0.199798 -5.055691
v 21.682953 -1.531649 -3.907531
v 16.426439 -2.054401 -4.354741
v 24.964361 -2.671555 -2.536973
v 24.973719 -2.974798 -2.236764
v 21.682953 -2.974315 -2.542166
v 24.990034 -3.700175 -1.506869
v -2.970827 2.571203 -6.870940
v -35.622814 2.571201 -6.870939
v 14.569290 3.873253 6.775624
v 17.904179 5.198295 6.678610
v 16.867708 5.198295 6.678610
v 17.682312 3.873279 6.775623
v 14.569288 3.873253 -6.775612
v 17.904179 5.198295 -6.678597
v 17.682312 3.873279 -6.775610
v 16.867706 5.198295 -6.678597
v -35.622814 2.571201 2.196095
v -35.622814 2.571201 0.269059
v -35.537308 2.299546 0.464674
v 43.303070 6.357547 0.246642
v 43.303070 6.357547 -0.246633
v -35.539360 2.571203 0.000011
v 39.877106 2.700809 0.382990
v 41.089417 2.755190 0.000005
v 38.679615 2.662655 0.917235
v 36.061520 0.374223 0.945477
v 41.793583 4.926599 0.397088
v 42.636513 4.930757 0.000005
v 40.808598 4.917190 0.964672
v 39.727058 4.888201 1.529797
v 37.238556 2.576724 1.489184
v 34.003120 0.114779 1.583177
v 38.388126 4.859119 2.110506
v 35.448780 2.468612 2.110777
v 31.641159 -0.258167 2.245275
v 36.118793 4.753768 3.099112
v 32.763760 2.341055 3.093891
v 27.791309 -0.803241 3.191941
v 29.728750 2.267504 4.196608
v 26.379761 2.209854 5.169510
v 8.347780 -2.676180 4.862866
v 8.347780 -3.759358 2.696438
v 12.389721 -3.612738 2.650869
v 12.389721 -2.423918 4.629012
v 20.131996 1.092437 6.232628
v 16.426439 -0.346435 6.029171
v 23.064186 2.302172 6.303582
v 20.131996 1.092437 6.232628
v 12.387216 -1.195068 5.884734
v 8.347733 -1.601920 5.907587
v 19.276520 2.119157 6.795247
v 16.426439 0.751827 6.527726
v 24.779770 4.344269 6.732740
v 20.302240 2.571202 6.870955
v 19.276520 2.119157 6.795247
v 12.385185 -0.443712 6.363585
v 8.347534 -1.196524 6.235096
v 4.344997 -2.811102 4.990327
v 0.634674 -2.937615 5.088645
v -2.970837 -2.067059 6.084393
v -2.970837 -3.034371 5.170108
v -7.094242 -2.067059 6.084393
v -7.095448 -3.129388 5.176454
v -7.094244 2.571203 6.870957
v 21.599388 5.313326 6.679069
v 20.302240 2.571202 6.870955
v -2.852947 2.571203 7.032610
v -2.852952 2.349850 7.032610
v -0.134385 2.349850 7.032609
v -0.134406 2.571203 7.032609
v 41.512405 6.232014 1.241397
v 0.634673 -4.334521 0.000008
v 0.634673 -3.889472 2.756892
v -2.970838 -3.933364 2.773154
v -2.970837 -4.334521 0.000008
v -7.095448 -3.129388 5.176454
v -7.095455 -3.938141 2.776327
v -2.970837 -3.034371 5.170108
v 4.344997 -4.335436 0.000007
v 4.344997 -3.826672 2.728143
v 8.347779 -4.335727 0.000007
v 16.426439 -4.335829 0.000007
v 21.682953 -4.335829 0.000006
v 21.682953 -2.974315 2.542178
v 16.426439 -3.371273 2.579207
v 12.389722 -4.334653 0.000007
v -7.095461 -4.334521 0.000008
v 42.553684 -3.382049 0.000005
v 41.106731 -3.114981 0.528126
v 41.106731 -3.865946 0.000005
v 39.454536 -3.441026 0.666884
v 39.454536 -4.119627 0.000005
v 37.484222 -3.644900 0.766010
v 37.484222 -4.232659 0.000005
v 35.134205 -3.758624 0.825240
v 35.134205 -4.273604 0.000005
v 31.708927 -3.813755 0.971462
v 31.727194 -4.335177 0.000005
v 28.443329 -4.335176 0.000006
v 28.443329 -3.838630 1.168787
v 24.992716 -4.335509 0.000006
v 41.106735 -2.303393 0.851114
v 39.454540 -2.295822 1.066826
v 37.484222 -2.351202 1.190499
v 35.134205 -2.569145 1.338650
v 31.727194 -2.786130 1.670571
v 42.553688 -1.465281 0.000005
v 41.106735 -0.568154 0.000005
v 41.106735 -1.216964 0.628709
v 39.454540 0.228253 0.000005
v 39.454540 -1.022192 0.774087
v 37.484222 0.033505 0.380769
v 37.484222 -0.920255 1.013860
v 35.134205 -0.433884 1.057191
v 35.134205 -1.211827 1.400997
v 28.443329 -2.903336 1.969555
v 35.134205 -0.433884 1.057191
v 37.484222 0.033505 0.380769
v -12.778489 -1.804595 6.132600
v -12.784184 -3.029470 5.055760
v -7.095448 -3.129388 5.176454
v -7.094242 -2.067059 6.084393
v -19.206079 -1.175322 6.239488
v -19.195786 -2.655942 4.816536
v -22.736868 -0.746475 6.313386
v -22.773615 -2.308506 4.602725
v -28.683451 -1.737565 4.292581
v -28.683458 -1.976835 2.334391
v -28.683451 -1.737565 4.292581
v -34.603306 -1.194981 4.246729
v -34.603313 -1.504625 2.311466
v -34.603313 -1.504625 2.311466
v -34.603306 -1.194981 4.246729
v -34.603306 -1.194981 0.000010
v -34.603317 -1.542837 0.000010
v -34.603306 -0.333707 0.000010
v -34.603306 -0.333707 5.156540
v -35.068661 1.031889 0.000010
v -34.603306 -0.333707 0.000010
v -34.603306 -0.333707 5.156540
v -7.094242 2.119115 6.794291
v -7.094244 2.571203 6.870957
v -12.782306 2.571202 6.870957
v -12.782321 2.119160 6.794683
v -34.603306 -1.194981 4.246729
v -19.195791 -3.036302 2.596369
v -22.773624 -2.615089 2.489463
v -22.773626 -3.079896 0.000009
v -19.195797 -3.522780 0.000009
v -22.773615 -2.308506 4.602725
v -7.095455 -3.938141 2.776327
v -12.783221 -3.591224 2.715982
v -12.783335 -4.153330 0.000009
v -7.095461 -4.334521 0.000008
v -12.784184 -3.029470 5.055760
v -19.195786 -2.655942 4.816536
v -34.603317 -1.542837 0.000010
v -28.683460 -2.403033 0.000010
v -7.095448 -3.129388 5.176454
v 41.512405 6.232014 -1.241387
v 38.716690 6.043470 -2.591962
v 40.402588 6.151223 1.782655
v 4.345009 5.198295 6.678611
v 16.426437 5.198295 6.678610
v 16.426437 5.198295 6.678610
v 37.644646 5.976766 3.109537
v 39.788727 6.110175 2.074406
v 41.016453 6.192271 1.490903
v 27.506258 5.525986 6.685315
v 42.517769 6.307303 0.697475
v -20.981396 2.571205 -7.032592
v 40.402588 6.151223 -1.782645
v 1.283001 2.349850 7.032609
v 4.344998 2.349849 7.032609
v 4.344998 2.571203 7.032609
v 1.283003 2.571203 7.032609
v -2.970826 2.571203 6.870957
v -7.094244 2.571203 6.870957
v -7.094242 2.119115 6.794291
v -2.970837 2.119159 6.794299
v -12.900191 2.571204 7.032610
v -19.198360 2.571205 7.032611
v -19.198362 2.349852 7.032611
v -12.900198 2.349851 7.032610
v -0.016531 2.571204 6.870956
v -2.970826 2.571203 6.870957
v -2.852947 2.571203 7.032610
v -0.134406 2.571203 7.032609
v -2.970826 2.571203 6.870957
v -2.970837 2.119159 6.794299
v -2.852952 2.349850 7.032610
v -2.852947 2.571203 7.032610
v -2.970837 2.119159 6.794299
v -0.016488 2.119167 6.794387
v -0.134385 2.349850 7.032609
v -2.852952 2.349850 7.032610
v -0.016488 2.119167 6.794387
v -0.016531 2.571204 6.870956
v -0.134406 2.571203 7.032609
v -0.134385 2.349850 7.032609
v 19.276520 2.119157 6.795247
v 20.302240 2.571202 6.870955
v 19.749474 2.571202 7.032608
v 19.251377 2.349849 7.032608
v 16.437935 2.571202 6.870955
v 16.422606 2.571202 7.032608
v 19.749474 2.571202 7.032608
v 20.302240 2.571202 6.870955
v 1.165121 2.571203 6.870957
v 1.165120 2.119159 6.794568
v 1.283001 2.349850 7.032609
v 1.283003 2.571203 7.032609
v 4.344998 2.119159 6.794689
v 4.344998 2.349849 7.032609
v 1.283001 2.349850 7.032609
v 1.165120 2.119159 6.794568
v -35.622818 2.571201 6.870959
v -35.460197 2.119161 6.795320
v -35.376938 2.349853 7.032612
v -35.455906 2.571205 7.032612
v -19.198362 2.119160 6.794858
v -12.782321 2.119160 6.794683
v -12.900198 2.349851 7.032610
v -19.198362 2.349852 7.032611
v -12.782321 2.119160 6.794683
v -12.782306 2.571202 6.870957
v -12.900191 2.571204 7.032610
v -12.900198 2.349851 7.032610
v -12.778489 -1.804595 6.132600
v -7.094242 -2.067059 6.084393
v 1.165121 2.571203 6.870957
v -0.016531 2.571204 6.870956
v -22.764435 2.571205 7.032611
v -22.764435 2.349852 7.032611
v -19.198362 2.349852 7.032611
v -22.764435 2.349852 7.032611
v -22.764435 2.119160 6.794958
v -19.198362 2.119160 6.794858
v -28.675390 2.571205 7.032610
v -28.675392 2.349852 7.032610
v -22.764435 2.349852 7.032611
v -28.675392 2.349852 7.032610
v -28.675390 2.119161 6.795125
v -22.764435 2.119160 6.794958
v -35.455906 2.571205 7.032612
v -35.376938 2.349853 7.032612
v -35.376938 2.349853 7.032612
v -35.460197 2.119161 6.795320
v -28.675390 2.119161 6.795125
v -28.675392 2.349852 7.032610
v -28.675390 2.119161 6.795125
v -28.651192 0.136070 6.459199
v -22.736868 -0.746475 6.313386
v -22.764435 2.119160 6.794958
v -19.198362 2.119160 6.794858
v -19.206079 -1.175322 6.239488
v -35.460197 2.119161 6.795320
v -35.068661 1.030798 6.613201
v -28.651192 0.136070 6.459199
v -28.675390 2.119161 6.795125
v 4.344998 -1.664924 6.155935
v 4.344998 2.119159 6.794689
v -7.094242 -2.067059 6.084393
v -2.970837 -2.067059 6.084393
v 16.422607 2.119158 6.795151
v 19.276520 2.119157 6.795247
v 19.251377 2.349849 7.032608
v 16.422606 2.349849 7.032608
v 19.251377 2.349849 7.032608
v 19.749474 2.571202 7.032608
v 16.422606 2.571202 7.032608
v 16.422606 2.349849 7.032608
v 4.344998 2.571203 6.870956
v 4.344998 2.571203 7.032609
v 8.330234 2.571203 7.032608
v 8.347773 2.571203 6.870955
v 8.347534 -1.196524 6.235096
v 8.321783 2.119158 6.794841
v 8.321783 2.119158 6.794841
v 8.334721 2.349850 7.032608
v 4.344998 2.349849 7.032609
v 4.344998 2.119159 6.794689
v 8.334721 2.349850 7.032608
v 8.330234 2.571203 7.032608
v 4.344998 2.571203 6.870956
v 4.344998 2.571203 6.870956
v 1.165121 2.571203 6.870957
v 1.283003 2.571203 7.032609
v 4.344998 2.571203 7.032609
v 12.388313 2.119158 6.794997
v 12.385185 -0.443712 6.363585
v 8.321783 2.119158 6.794841
v 12.388313 2.119158 6.794997
v 12.388312 2.349849 7.032609
v 8.334721 2.349850 7.032608
v 12.388312 2.349849 7.032609
v 12.388312 2.571203 7.032609
v 12.388312 2.571203 7.032609
v 12.388312 2.571203 6.870955
v 8.347773 2.571203 6.870955
v 8.330234 2.571203 7.032608
v 12.388313 2.119158 6.794997
v 16.422607 2.119158 6.795151
v 16.422606 2.349849 7.032608
v 12.388312 2.349849 7.032609
v 16.422606 2.571202 7.032608
v 16.437935 2.571202 6.870955
v 12.388312 2.571203 6.870955
v 12.388312 2.571203 7.032609
v 21.682953 -4.335829 0.000006
v -7.094244 2.571203 6.870957
v 39.877106 2.700809 -0.382981
v 41.089417 2.755190 0.000005
v 36.061520 0.374223 -0.945467
v 38.679615 2.662655 -0.917225
v 41.793583 4.926599 -0.397079
v 42.636513 4.930757 0.000005
v 40.808598 4.917190 -0.964662
v 37.238556 2.576724 -1.489173
v 39.727058 4.888201 -1.529787
v 34.003120 0.114779 -1.583166
v 35.448780 2.468612 -2.110766
v 38.388126 4.859119 -2.110496
v 31.641159 -0.258167 -2.245264
v 32.763760 2.341055 -3.093880
v 36.118793 4.753768 -3.099102
v 27.791309 -0.803241 -3.191930
v 29.728750 2.267504 -4.196597
v 26.379761 2.209854 -5.169498
v 8.347780 -2.676180 -4.862853
v 12.389722 -2.423918 -4.628998
v 12.389722 -3.612738 -2.650856
v 8.347780 -3.759358 -2.696424
v 16.426439 -0.346435 -6.029159
v 20.131994 1.092437 -6.232616
v 23.064186 2.302172 -6.303570
v 20.131994 1.092437 -6.232616
v 12.387212 -1.195068 -5.884720
v 8.347733 -1.601920 -5.907574
v 16.426439 0.751827 -6.527714
v 19.276520 2.119157 -6.795234
v 20.302238 2.571202 -6.870943
v 24.779774 4.344269 -6.732728
v 19.276520 2.119157 -6.795234
v 12.385182 -0.443712 -6.363571
v 8.347533 -1.196524 -6.235083
v 4.344997 -2.811102 -4.990314
v 0.634673 -2.937615 -5.088630
v -2.970838 -3.034371 -5.170092
v -2.970838 -2.067059 -6.084376
v -7.095448 -3.129388 -5.176437
v -7.094243 -2.067059 -6.084376
v -7.094243 2.571203 -6.870940
v 20.302238 2.571202 -6.870943
v 21.599390 5.313326 -6.679057
v -2.852948 2.571203 -7.032593
v -0.134407 2.571203 -7.032594
v -0.134385 2.349850 -7.032594
v -2.852954 2.349850 -7.032593
v 0.634673 -4.334521 0.000008
v -2.970837 -4.334521 0.000008
v -2.970838 -3.933364 -2.773138
v 0.634673 -3.889472 -2.756876
v -7.095448 -3.129388 -5.176437
v -2.970838 -3.034371 -5.170092
v -7.095456 -3.938141 -2.776310
v 4.344997 -3.826672 -2.728128
v 4.344997 -4.335436 0.000007
v 8.347779 -4.335727 0.000007
v 16.426439 -4.335829 0.000007
v 16.426439 -3.371273 -2.579193
v 21.682953 -2.974315 -2.542166
v 21.682953 -4.335829 0.000006
v 12.389722 -4.334653 0.000007
v -7.095461 -4.334521 0.000008
v 42.553684 -3.382049 0.000005
v 41.106731 -3.865946 0.000005
v 41.106731 -3.114981 -0.528117
v 39.454536 -4.119627 0.000005
v 39.454536 -3.441026 -0.666874
v 37.484222 -4.232659 0.000005
v 37.484222 -3.644900 -0.766000
v 35.134205 -4.273604 0.000005
v 35.134205 -3.758624 -0.825230
v 31.727194 -4.335177 0.000005
v 31.708927 -3.813755 -0.971451
v 28.443329 -4.335176 0.000006
v 28.443329 -3.838630 -1.168776
v 24.992716 -4.335509 0.000006
v 41.106735 -2.303393 -0.851105
v 39.454540 -2.295822 -1.066817
v 37.484222 -2.351202 -1.190489
v 35.134205 -2.569145 -1.338639
v 31.727194 -2.786130 -1.670559
v 42.553688 -1.465281 0.000005
v 41.106735 -1.216964 -0.628700
v 41.106735 -0.568154 0.000005
v 39.454540 -1.022192 -0.774077
v 39.454540 0.228253 0.000005
v 37.484222 -0.920255 -1.013849
v 37.484222 0.033505 -0.380759
v 35.134205 -1.211827 -1.400986
v 35.134205 -0.433884 -1.057181
v 28.443329 -2.903336 -1.969544
v 35.134205 -0.433884 -1.057181
v 37.484222 0.033505 -0.380759
v -12.778490 -1.804595 -6.132584
v -7.094243 -2.067059 -6.084376
v -7.095448 -3.129388 -5.176437
v -12.784186 -3.029470 -5.055743
v -19.206078 -1.175322 -6.239470
v -19.195786 -2.655942 -4.816518
v -22.736866 -0.746475 -6.313368
v -22.773611 -2.308506 -4.602706
v -28.683451 -1.737565 -4.292562
v -28.683458 -1.976835 -2.334372
v -34.603313 -1.504625 -2.311445
v -34.603306 -1.194981 -4.246710
v -28.683451 -1.737565 -4.292562
v -34.603313 -1.504625 -2.311445
v -34.603306 -1.194981 -4.246710
v -34.603306 -0.333707 -5.156521
v -34.603306 -0.333707 -5.156521
v -12.782309 2.571202 -6.870941
v -7.094243 2.571203 -6.870940
v -7.094242 2.119115 -6.794275
v -12.782324 2.119160 -6.794665
v -34.603306 -1.194981 -4.246710
v -19.195791 -3.036302 -2.596350
v -19.195797 -3.522780 0.000009
v -22.773626 -3.079896 0.000009
v -22.773624 -2.615089 -2.489444
v -22.773611 -2.308506 -4.602706
v -7.095456 -3.938141 -2.776310
v -7.095461 -4.334521 0.000008
v -12.783335 -4.153330 0.000009
v -12.783220 -3.591224 -2.715964
v -19.195786 -2.655942 -4.816518
v -12.784186 -3.029470 -5.055743
v -28.683460 -2.403033 0.000010
v -34.603317 -1.542837 0.000010
v -7.095448 -3.129388 -5.176437
v -35.455902 2.571205 0.000011
v -35.622818 2.571201 0.000010
v -35.539360 2.571203 -6.951765
v -12.841251 2.571203 -6.951767
v -25.719908 2.571205 -7.032592
v -12.841249 2.571203 6.951784
v 4.345008 5.198295 -6.678596
v 38.716686 6.043470 2.591972
v 16.426437 5.198295 -6.678597
v 16.426437 5.198295 -6.678597
v 37.644650 5.976766 -3.109528
v 39.788727 6.110175 -2.074397
v 41.016453 6.192271 -1.490893
v 27.506258 5.525986 -6.685303
v -20.981398 2.571205 7.032611
v -25.719913 2.571205 7.032611
v 1.283000 2.349850 -7.032593
v 1.283002 2.571203 -7.032593
v 4.344997 2.571203 -7.032594
v 4.344997 2.349849 -7.032594
v -7.094242 2.119115 -6.794275
v -7.094243 2.571203 -6.870940
v -2.970827 2.571203 -6.870940
v -2.970838 2.119159 -6.794282
v -19.198362 2.349852 -7.032592
v -19.198362 2.571205 -7.032592
v -12.900193 2.571204 -7.032593
v -12.900202 2.349851 -7.032593
v -0.016532 2.571204 -6.870942
v -0.134407 2.571203 -7.032594
v -2.852948 2.571203 -7.032593
v -2.970827 2.571203 -6.870940
v -2.970827 2.571203 -6.870940
v -2.852948 2.571203 -7.032593
v -2.852954 2.349850 -7.032593
v -2.970838 2.119159 -6.794282
v -2.970838 2.119159 -6.794282
v -2.852954 2.349850 -7.032593
v -0.134385 2.349850 -7.032594
v -0.016489 2.119167 -6.794372
v -0.016489 2.119167 -6.794372
v -0.134385 2.349850 -7.032594
v -0.134407 2.571203 -7.032594
v -0.016532 2.571204 -6.870942
v 19.276520 2.119157 -6.795234
v 19.251377 2.349849 -7.032595
v 19.749474 2.571202 -7.032595
v 20.302238 2.571202 -6.870943
v 19.749474 2.571202 -7.032595
v 16.422606 2.571202 -7.032595
v 16.437933 2.571202 -6.870942
v 20.302238 2.571202 -6.870943
v 1.165120 2.571203 -6.870941
v 1.283002 2.571203 -7.032593
v 1.283000 2.349850 -7.032593
v 1.165119 2.119159 -6.794551
v 1.283000 2.349850 -7.032593
v 4.344997 2.349849 -7.032594
v 4.344997 2.119159 -6.794675
v 1.165119 2.119159 -6.794551
v -35.622814 2.571201 -6.870939
v -35.455902 2.571205 -7.032590
v -35.376938 2.349853 -7.032591
v -35.460197 2.119161 -6.795298
v -19.198362 2.119160 -6.794839
v -19.198362 2.349852 -7.032592
v -12.900202 2.349851 -7.032593
v -12.782324 2.119160 -6.794665
v -12.782324 2.119160 -6.794665
v -12.900202 2.349851 -7.032593
v -12.900193 2.571204 -7.032593
v -12.782309 2.571202 -6.870941
v -7.094243 -2.067059 -6.084376
v -12.778490 -1.804595 -6.132584
v -0.016532 2.571204 -6.870942
v 1.165120 2.571203 -6.870941
v -35.539360 2.571203 6.951786
v -22.764435 2.349852 -7.032592
v -22.764429 2.571205 -7.032592
v -19.198362 2.349852 -7.032592
v -19.198362 2.119160 -6.794839
v -22.764435 2.119160 -6.794940
v -22.764435 2.349852 -7.032592
v -28.675390 2.349852 -7.032592
v -28.675386 2.571205 -7.032592
v -22.764435 2.349852 -7.032592
v -22.764435 2.119160 -6.794940
v -28.675390 2.119161 -6.795106
v -28.675390 2.349852 -7.032592
v -35.376938 2.349853 -7.032591
v -35.455902 2.571205 -7.032590
v -28.675390 2.119161 -6.795106
v -35.460197 2.119161 -6.795298
v -35.376938 2.349853 -7.032591
v -28.675390 2.349852 -7.032592
v -22.736866 -0.746475 -6.313368
v -28.651192 0.136070 -6.459180
v -28.675390 2.119161 -6.795106
v -22.764435 2.119160 -6.794940
v -19.198362 2.119160 -6.794839
v -19.206078 -1.175322 -6.239470
v -28.651192 0.136070 -6.459180
v -35.068661 1.030798 -6.613180
v -35.460197 2.119161 -6.795298
v -28.675390 2.119161 -6.795106
v 4.344997 2.119159 -6.794675
v 4.344997 -1.664924 -6.155921
v -2.970838 -2.067059 -6.084376
v -7.094243 -2.067059 -6.084376
v 16.422607 2.119158 -6.795138
v 16.422606 2.349849 -7.032595
v 19.251377 2.349849 -7.032595
v 19.276520 2.119157 -6.795234
v 16.422606 2.571202 -7.032595
v 19.749474 2.571202 -7.032595
v 19.251377 2.349849 -7.032595
v 16.422606 2.349849 -7.032595
v 8.330231 2.571203 -7.032595
v 4.344997 2.571203 -7.032594
v 4.344997 2.571203 -6.870942
v 8.347772 2.571203 -6.870943
v 8.321782 2.119158 -6.794828
v 8.347533 -1.196524 -6.235083
v 4.344997 2.349849 -7.032594
v 8.334719 2.349850 -7.032595
v 8.321782 2.119158 -6.794828
v 4.344997 2.119159 -6.794675
v 8.330231 2.571203 -7.032595
v 8.334719 2.349850 -7.032595
v 4.344997 2.571203 -6.870942
v 4.344997 2.571203 -6.870942
v 4.344997 2.571203 -7.032594
v 1.283002 2.571203 -7.032593
v 1.165120 2.571203 -6.870941
v 12.388311 2.119158 -6.794983
v 12.385182 -0.443712 -6.363571
v 8.321782 2.119158 -6.794828
v 8.334719 2.349850 -7.032595
v 12.388310 2.349849 -7.032595
v 12.388311 2.119158 -6.794983
v 12.388310 2.571203 -7.032595
v 12.388310 2.349849 -7.032595
v 8.347772 2.571203 -6.870943
v 12.388310 2.571203 -6.870942
v 12.388310 2.571203 -7.032595
v 8.330231 2.571203 -7.032595
v 12.388311 2.119158 -6.794983
v 12.388310 2.349849 -7.032595
v 16.422606 2.349849 -7.032595
v 16.422607 2.119158 -6.795138
v 12.388310 2.571203 -6.870942
v 16.437933 2.571202 -6.870942
v 16.422606 2.571202 -7.032595
v 12.388310 2.571203 -7.032595
v 21.682953 -4.335829 0.000006
v -7.094243 2.571203 -6.870940
v 16.432236 3.873253 6.775624
v 14.569290 3.873253 6.775624
v 12.388312 2.571203 6.870955
v 16.437935 2.571202 6.870955
v 16.432236 3.873253 6.775624
v 20.302240 2.571202 6.870955
v 17.682312 3.873279 6.775623
v 16.432236 3.873253 -6.775610
v 14.569288 3.873253 -6.775612
v 16.432236 3.873253 -6.775610
v 16.437933 2.571202 -6.870942
v 12.388310 2.571203 -6.870942
v 17.682312 3.873279 -6.775610
v 20.302238 2.571202 -6.870943
v -35.622814 2.571201 0.269059
v -35.622814 2.571201 2.196095
v -35.622814 2.571201 -2.196074
v -35.622814 2.571201 -0.269040
v -35.542217 2.299546 0.000010
v -35.547218 2.299529 -0.464627
v -35.412384 1.924989 -0.464654
v -35.412312 1.924948 0.000010
v -35.412231 1.924948 0.464674
v -35.537308 2.299546 0.464674
v -35.622814 2.571201 0.000010
v -35.542217 2.299546 0.000010
v -35.412312 1.924948 0.000010
v -35.412384 1.924989 -0.464654
v -35.412231 1.924948 0.464674
v 43.303070 6.357547 0.000005
v 43.303070 6.357547 0.246642
v -32.065643 2.571205 -7.032591
v -32.065647 2.571205 7.032611
v 43.552273 6.135767 0.000005
v -35.622814 2.571201 5.233670
v 43.552273 6.135767 0.000005
v -35.622814 2.571201 -5.233649
v 21.441910 -0.865723 4.481623
v 23.054125 -1.354894 3.809278
v 43.269524 -2.759186 0.000005
v 0.574295 2.571203 6.870956
v 17.849564 2.119157 6.795198
v -1.493678 2.571204 6.870957
v 4.344997 -1.738720 -6.091654
v 38.780510 0.581565 -0.190377
v 39.535477 0.416072 0.000005
v -35.264427 1.574980 -6.704239
v -35.345737 1.800999 -5.923414
v 27.952700 4.988252 -6.305586
v 42.772472 6.325077 -0.550257
v 31.838074 5.155116 -5.085096
v 31.159328 5.126208 -5.315621
v 34.153465 5.247135 -4.262121
v -35.622814 2.571201 -1.232557
v 0.314120 0.087072 -6.450872
v 17.851479 1.435492 -6.661474
v 16.424522 1.435492 -6.661426
v 23.336494 -3.337245 -2.024517
v -30.370518 2.571205 7.032611
v -35.622818 2.571201 3.435485
v 38.180664 6.010118 2.850755
v -20.089878 2.571205 7.032611
v 42.215050 4.928678 0.198547
v 41.301090 4.921894 0.680880
v 32.202461 1.041444 2.669583
v 29.716234 -0.530704 2.718608
v 12.389721 -3.018328 3.639941
v 17.851479 1.435492 6.661486
v -1.168082 -2.502337 5.586519
v -1.168082 -2.985993 5.129376
v -1.168082 -4.133943 1.386581
v 0.634673 -4.111997 1.378450
v -1.168082 -4.334521 0.000008
v 2.489835 -4.080596 1.364075
v 2.489835 -4.334978 0.000008
v 14.408080 -3.492006 2.615038
v 12.389721 -3.973696 1.325438
v -1.168082 -3.435490 3.930900
v -1.168082 -2.985993 5.129376
v 0.634674 -3.413544 3.922769
v 42.873425 -2.916975 0.197134
v 42.873425 -3.188946 0.000005
v 42.553684 -3.110077 0.197134
v 41.830208 -3.248515 0.264066
v 41.830208 -2.976543 0.461195
v 41.830208 -3.623998 0.000005
v 33.421566 -4.043679 0.485734
v 33.430698 -4.304390 0.000005
v 26.716682 -3.769403 1.337834
v 24.991375 -4.017842 0.753443
v 41.830208 -2.570749 0.622689
v 36.309212 -2.460173 1.264575
v 37.484222 -0.443375 0.697314
v 36.309212 -0.200190 0.718980
v 38.469383 -1.686697 0.982293
v 37.484222 -1.635729 1.102180
v 36.309212 -1.781515 1.295748
v -9.939816 -3.079429 5.116107
v -15.995132 -2.102396 5.647624
v -15.989985 -2.842706 4.936148
v -31.643383 -1.585908 3.290560
v -28.683455 -1.857200 3.313486
v -31.643387 -1.740731 2.322928
v -20.984711 -3.301338 0.000009
v -25.728542 -2.295962 2.411927
v -31.643387 -1.759836 1.167201
v -28.683460 -2.189934 1.167200
v -25.728542 -2.741465 0.000010
v 40.709518 6.171747 1.636779
v -32.026165 2.349853 7.032611
v -32.067795 2.119161 6.795222
v 2.494864 0.087068 6.451038
v 2.494864 -1.804973 6.131662
v -1.163054 -2.006041 6.095891
v 6.339859 2.349850 7.032608
v 2.814000 2.571203 7.032609
v 12.388312 2.460526 7.032609
v 14.405458 2.349849 7.032608
v 14.405458 2.460526 7.032608
v 14.405458 2.349849 7.032608
v 21.682953 -2.252982 3.224861
v 23.336494 -4.018003 0.753443
v 39.746761 1.652350 -0.191488
v 40.352917 1.679541 0.000005
v 34.441277 3.547411 -3.096491
v 30.277534 0.768907 -3.142905
v 33.106606 3.502356 -3.640224
v 31.246254 2.304279 -3.645238
v 31.589100 3.465580 -4.191583
v 34.784122 4.708713 -3.642835
v 30.156132 3.411824 -4.688622
v 28.481638 3.382999 -5.175073
v 32.016483 4.609900 -4.683608
v 26.786594 3.307281 -5.702612
v 25.128807 3.353439 -6.269648
v 28.888470 4.480425 -5.708186
v 25.986599 4.374488 -6.484227
v 6.346365 -1.633422 -6.031747
v 6.346265 -1.430724 -6.195502
v -2.970838 -2.550714 -5.627234
v -5.032540 -2.550714 -5.627234
v -5.033143 -3.081880 -5.173265
v -1.493667 2.460527 -7.032593
v -1.493678 2.571203 -7.032593
v -2.852951 2.460527 -7.032593
v -2.970838 -4.133943 -1.386565
v 6.346389 -4.047397 -1.348208
v 6.346389 -3.793015 -2.712276
v 8.347780 -4.047543 -1.348208
v 10.368752 -4.047006 -1.348208
v 10.368751 -4.335190 0.000007
v -5.033149 -4.334521 0.000008
v 41.106731 -3.490463 -0.264056
v 40.280632 -3.653486 -0.333435
v 40.280632 -3.992787 0.000005
v 31.718060 -4.074466 -0.485723
v 30.085262 -4.335176 0.000006
v 33.430698 -2.677637 -1.504599
v 42.553688 -1.672423 -0.219628
v 41.830212 -1.548265 -0.533980
v 36.309212 -0.200190 -0.718970
v 41.830212 -2.091479 -0.645182
v 35.134205 -1.890486 -1.369813
v -9.939817 -3.079429 -5.116090
v -34.603310 -1.349803 -3.279078
v -35.068661 1.031344 -3.306585
v -34.835983 0.348545 -5.884851
v -22.773624 -2.847493 -1.244717
v -34.603317 -1.523731 -1.155718
v -25.728542 -2.741465 0.000010
v -9.939817 -3.079429 -5.116090
v 39.252708 6.076823 -2.333179
v 41.408478 5.594473 -0.978272
v 41.264427 6.212143 -1.366140
v 41.900970 5.599178 -0.694480
v 27.349842 4.965346 -6.460514
v -5.032535 2.345160 -6.832607
v -7.094243 2.345159 -6.832607
v -5.032540 2.119137 -6.794278
v -1.434740 2.571204 -6.951767
v -0.075470 2.571203 -6.951768
v -1.493680 2.571204 -6.870941
v -1.552611 2.234505 -6.913438
v -2.911896 2.234505 -6.913437
v -1.493663 2.119163 -6.794327
v 19.512997 2.345180 -6.913915
v 19.263948 2.234503 -6.913915
v 19.789379 2.345180 -6.833088
v 1.224060 2.460526 -6.951767
v 1.224061 2.571203 -6.951767
v 1.165120 2.345181 -6.832746
v -35.499878 2.460526 -6.951765
v -35.539360 2.571203 -6.951765
v -35.541504 2.345181 -6.833118
v -12.841259 2.345182 -6.913629
v -12.841263 2.234506 -6.913629
v -12.782316 2.345181 -6.832803
v -22.764431 2.460528 -7.032592
v -25.719910 2.460529 -7.032592
v -25.719913 2.349852 -7.032592
v -25.719913 2.234506 -6.913849
v -22.764435 2.234506 -6.913766
v -25.719913 2.349852 -7.032592
v -32.026165 2.349853 -7.032592
v -32.055695 1.127616 -6.627239
v -31.859926 0.583434 -6.536180
v -28.663292 1.127615 -6.627143
v 2.494863 0.087068 -6.451024
v 2.494863 -1.804973 -6.131647
v -7.094243 0.026028 -6.439325
v -1.163055 -2.006041 -6.095875
v 17.836992 2.234503 -6.913867
v 16.422607 2.234503 -6.913866
v 17.849564 2.119157 -6.795186
v 6.337614 2.571203 -6.951768
v 6.337614 2.571203 -7.032595
v 8.339001 2.571203 -6.951769
v 6.333390 2.119158 -6.794751
v 4.345003 3.884749 -6.774769
v 14.407375 1.435493 -6.661348
v 14.405811 0.154057 -6.445642
v 21.682953 -3.655072 -1.271080
v -9.938276 2.571202 -6.870940
v 17.057274 3.873266 6.775623
v -35.622814 2.571201 1.232577
v -35.412346 1.924968 -0.232322
v -35.582516 2.435374 0.000010
v -35.622814 2.571201 -0.134515
v -35.240524 1.477894 -3.538917
v 43.094391 5.533262 0.000005
v 22.813080 -0.688969 4.383357
v 26.143013 5.473320 6.685141
v 24.779770 4.882462 6.708854
v 43.269524 -2.287502 0.000005
v -31.859926 0.583434 6.536201
v -34.835983 0.348545 5.884871
v 8.501766 3.884749 6.774783
v 8.349041 5.198295 6.678589
v 38.699574 0.393746 -0.190377
v 31.739107 -1.498533 -1.843874
v 30.018604 -2.041214 -2.057628
v -35.541504 2.345181 -6.014473
v 32.413887 5.725181 -5.220071
v 17.849564 2.119157 -6.795186
v -35.622814 2.571201 -6.052294
v -35.497635 2.571204 6.992199
v -24.242168 2.571205 -7.032592
v -24.242174 2.571205 7.032611
v 34.441277 3.547411 3.096501
v 26.108303 -0.990690 3.451477
v 27.077023 0.544682 3.953810
v 25.402529 0.515857 4.440261
v 14.408080 -1.385177 5.329092
v 12.388468 -1.809493 5.256873
v 14.405812 0.154057 6.445655
v -2.970837 -2.550714 5.627251
v -5.032539 -2.067059 6.084393
v -5.032535 2.571203 6.870957
v 22.541004 3.995928 6.777961
v 23.189579 5.366990 6.682018
v -1.493666 2.460527 7.032609
v -2.852950 2.460527 7.032610
v -1.493677 2.571203 7.032609
v -1.168082 -3.911418 2.765023
v 2.489835 -3.858072 2.742517
v 14.408080 -2.897596 3.604109
v 24.694828 -1.924847 3.123999
v 10.368751 -4.335190 0.000007
v 41.106731 -3.490463 0.264066
v 40.280632 -3.278004 0.597505
v 31.718060 -4.074466 0.485734
v 30.076128 -4.074466 0.485734
v 30.076128 -3.826192 1.070125
v 41.106735 -2.709187 0.689620
v 40.280636 -2.705401 0.797476
v 33.430698 -2.677637 1.504610
v 31.718060 -3.299942 1.321017
v 36.309212 -0.677070 1.035526
v 36.309212 -1.066041 1.207428
v 35.134205 -1.890486 1.369823
v -7.094845 -2.598223 5.630424
v -31.643379 -1.466273 4.269655
v -9.938274 2.345159 6.832624
v -7.094243 2.345159 6.832624
v -9.938282 2.119138 6.794487
v -25.728539 -2.176327 3.391022
v -25.728533 -2.023036 4.447653
v -31.643389 -1.972935 0.000010
v -15.989510 -3.557002 1.357996
v -15.989566 -3.838055 0.000009
v 36.881721 5.365267 3.104325
v -5.032534 2.345160 6.832624
v -5.032535 2.571203 6.870957
v -2.970831 2.345181 6.832628
v -1.434739 2.571204 6.951783
v -1.493678 2.571204 6.870957
v -0.075469 2.571203 6.951783
v -1.552611 2.234505 6.913454
v -1.493662 2.119163 6.794343
v -2.911895 2.234505 6.913455
v 19.512997 2.345180 6.913927
v 19.789379 2.345180 6.833101
v 19.263948 2.234503 6.913927
v 1.224061 2.460526 6.951783
v 1.165121 2.345181 6.832762
v 1.224062 2.571203 6.951783
v -35.499878 2.460526 6.951786
v -35.541508 2.345181 6.833139
v -35.539360 2.571203 6.951786
v -12.841256 2.345182 6.913646
v -12.782313 2.345181 6.832820
v -12.841259 2.234506 6.913646
v -9.936365 0.157260 6.463446
v -7.094242 0.026028 6.439342
v -22.764435 2.460528 7.032611
v -27.197651 2.571205 7.032611
v -25.719913 2.234506 6.913868
v -25.719913 2.349852 7.032611
v -22.764435 2.234506 6.913784
v -28.675392 2.234507 6.913868
v -32.055695 1.127616 6.627260
v -35.264427 1.574980 6.704261
v -32.067795 2.119161 6.795222
v 17.836992 2.234503 6.913879
v 17.849564 2.119157 6.795198
v 16.422607 2.234503 6.913879
v 6.337616 2.571203 6.951782
v 4.344998 2.571203 6.951782
v 6.346385 2.571203 6.870955
v 4.344998 2.234504 6.913649
v 14.405460 2.119158 6.795074
v 10.522036 3.884749 6.774783
v 10.386063 5.198295 6.678611
v 23.054125 -2.076227 3.126595
v 40.267830 4.902695 -1.247225
v 18.279217 0.373001 -6.130888
v 14.406826 -0.770751 -5.956940
v 17.851479 0.886361 -6.412197
v 16.426439 0.202696 -6.278437
v 22.541006 3.457736 -6.801836
v 19.789379 2.345180 -6.833088
v 6.346389 -2.244348 -5.445120
v 4.344997 -2.311809 -5.508850
v 6.346365 -1.707218 -5.967481
v -5.032540 -2.067059 -6.084376
v -0.134396 2.460527 -7.032594
v -1.168082 -3.911418 -2.765007
v -5.033143 -3.531376 -3.974788
v -2.970838 -3.483867 -3.971615
v -5.033147 -3.935752 -2.774724
v 19.054695 -3.655072 -1.271080
v 16.426439 -3.853551 -1.289593
v 19.054695 -4.335829 0.000006
v -5.033150 -4.133943 -1.386565
v 14.408081 -4.335241 0.000007
v 40.280632 -3.278004 -0.597496
v 30.076128 -4.074466 -0.485723
v 30.076128 -3.826192 -1.070114
v 26.716682 -3.769403 -1.337822
v 24.991375 -4.017842 -0.753431
v 41.106735 -2.709187 -0.689611
v 40.280636 -2.705401 -0.797467
v 31.718060 -3.299942 -1.321005
v 35.134205 -0.822855 -1.229083
v 33.430702 -1.465141 -1.639688
v 33.430702 -2.143800 -1.608515
v 31.727196 -2.252292 -1.774475
v 30.085262 -2.844733 -1.820052
v 38.469383 0.130879 -0.190377
v -15.995132 -2.102396 -5.647606
v -15.989986 -2.842706 -4.936131
v -31.643379 -1.466273 -4.269636
v -9.938275 2.345159 -6.832608
v -9.938276 2.571202 -6.870940
v -12.782316 2.345181 -6.832803
v -22.773617 -2.461798 -3.546075
v -31.643389 -1.972935 0.000010
v -25.728542 -2.509061 -1.244717
v 36.881721 5.365267 -3.104315
v 40.709518 6.171747 -1.636769
v 40.912525 5.554730 -1.227778
v 28.109116 5.548892 -6.530375
v -5.032535 2.571203 -6.870940
v -1.493677 2.571203 -7.032593
v -1.493670 2.349850 -7.032593
v 19.500425 2.460526 -7.032595
v 1.283001 2.460526 -7.032593
v -35.416420 2.460529 -7.032591
v -12.900198 2.460528 -7.032593
v -0.016510 2.345185 -6.832657
v -27.197647 2.571205 -7.032592
v -25.719913 2.119160 -6.795023
v -35.264427 1.574980 -6.704239
v -1.493664 0.026054 -6.439374
v -1.493663 2.119163 -6.794327
v 17.836990 2.349849 -7.032595
v 4.344997 2.571203 -6.951768
v 14.405459 2.119158 -6.795061
v 12.386747 0.837723 -6.579277
v 10.368041 2.571203 -6.951769
v 10.368041 2.571203 -6.870942
v 8.339001 2.571203 -6.951769
v 14.405458 2.571202 -6.951768
v 14.413122 2.571203 -6.870942
v 12.388310 2.571203 -6.951768
v 23.336494 -4.018003 -0.753431
v 15.497863 4.535774 -6.727105
v 15.500762 3.873253 -6.775611
v -35.412270 1.924948 0.232342
v 42.263065 6.289530 -0.844674
v -35.497631 2.571204 0.000011
v -35.581089 2.571202 0.000011
v -35.581089 2.571202 3.435485
v 43.094391 5.533262 0.000005
v 43.427673 6.246657 0.123323
v -35.517601 2.248095 -2.849151
v -35.585014 2.435365 -2.849138
v -35.622814 2.571201 -3.714861
v 26.143013 4.935128 6.709027
v -31.627249 -0.098818 5.807870
v -35.581089 2.571202 6.911373
v 19.164782 3.884748 6.774783
v 20.950813 3.942264 6.775012
v 8.195047 3.884749 6.774761
v 21.441910 -0.865723 4.481623
v 18.813652 -1.127100 4.705229
v 0.646932 3.884749 -6.774769
v 30.030514 -1.821292 -2.023111
v 43.165123 6.350198 -0.324841
v 1.237759 3.884749 -6.774768
v 8.349039 5.198295 -6.678575
v 8.501764 3.884749 -6.774770
v -35.541504 2.345181 -6.833118
v 17.385942 5.198295 -6.678597
v 17.793245 4.535787 -6.727104
v -35.455902 2.571205 3.516312
v 41.760384 6.251885 -1.116635
v 38.180672 6.010118 -2.850745
v 40.267830 4.902695 1.247235
v 30.277534 0.768907 3.142916
v 31.246254 2.304279 3.645249
v 23.790314 1.005028 5.112606
v 20.666431 0.446319 5.644166
v 18.279217 0.373001 6.130900
v 22.132526 1.051187 5.679643
v 20.666431 0.446319 5.644166
v 19.704258 1.605797 6.513937
v 22.541004 3.457736 6.801847
v -5.032539 -2.550714 5.627251
v -5.033142 -3.081880 5.173281
v 22.541004 3.457736 6.801847
v -1.493669 2.349850 7.032609
v -2.970838 -4.133943 1.386581
v -5.033143 -3.531376 3.974803
v -5.033146 -3.935752 2.774740
v -2.970837 -3.483867 3.971631
v 19.054695 -3.655072 1.271092
v 19.054695 -4.335829 0.000006
v 16.426439 -3.853551 1.289607
v -5.033149 -4.133943 1.386581
v 14.408081 -4.335241 0.000007
v 40.280632 -3.653486 0.333444
v 40.280632 -3.992787 0.000005
v 30.085262 -4.335176 0.000006
v 42.873428 -1.966021 0.219637
v 42.873428 -1.758879 0.000005
v 35.134205 -0.822855 1.229094
v 30.085262 -2.844733 1.820063
v -34.603310 -1.349803 3.279098
v -9.938274 2.571202 6.870957
v -31.643379 -1.035636 4.724560
v -34.603306 -0.764344 4.701634
v -20.984699 -2.482224 4.709630
v 40.912525 5.554730 1.227787
v 26.143013 4.935128 6.709027
v -7.094243 2.345159 6.832624
v -2.911887 2.571203 6.951784
v -0.075436 2.234509 6.913498
v 20.025856 2.571202 6.951781
v 1.224061 2.234504 6.913589
v -35.418568 2.234507 6.913966
v -12.870720 2.571203 6.992197
v -25.719913 2.460529 7.032611
v -25.719913 2.349852 7.032611
v -28.675392 2.234507 6.913868
v -31.859926 0.583434 6.536201
v 19.263948 2.234503 6.913927
v 6.337616 2.571203 7.032608
v 6.193666 5.198295 6.678589
v 12.386749 0.837723 6.579291
v 10.368042 2.571203 6.951782
v 12.388312 2.571203 6.951782
v 10.359273 2.571203 7.032608
v 14.405458 2.571202 6.951782
v 16.430271 2.571202 6.951782
v 14.405458 2.571202 7.032608
v 38.910858 1.630024 -0.381870
v 38.312111 1.610947 -0.648992
v 37.003063 0.466731 -0.663113
v 38.482807 3.732462 -1.509480
v 35.620838 1.345751 -1.536170
v 37.813339 3.717921 -1.799835
v 36.343666 2.522668 -1.799970
v 28.760029 0.732131 -3.694263
v 19.704258 1.605797 -6.513925
v -7.094846 -2.598223 -5.630407
v -5.032536 2.571203 -6.870940
v -1.493670 2.349850 -7.032593
v 2.489835 -3.858072 -2.742502
v 19.054695 -3.172794 -2.560680
v 26.637186 -2.517764 -2.386919
v 28.050659 -1.583606 -2.714397
v 14.408081 -3.852963 -1.289593
v 39.454536 -3.780327 -0.333435
v 38.469379 -3.882264 -0.382998
v 38.469379 -4.176144 0.000005
v 28.443329 -4.086904 -0.584385
v 26.718021 -4.335343 0.000006
v 41.830212 -1.341123 -0.314348
v 41.830212 -1.016718 0.000005
v 30.018602 -2.575051 -1.953712
v 28.376671 -2.633654 -2.103204
v 37.714417 0.296372 -0.380759
v -19.200932 -1.915632 -5.527994
v -20.971472 -0.960898 -6.276419
v -7.094243 2.345159 -6.832607
v -25.728539 -2.176327 -3.391003
v -25.728531 -2.023036 -4.447634
v -20.984699 -2.482224 -4.709612
v 2.827703 5.198295 -6.678596
v 42.410378 5.634724 -0.400064
v 33.975056 5.792350 -4.663610
v 26.143017 4.935128 -6.709016
v 33.271042 5.208872 -4.588057
v -2.970832 2.345181 -6.832611
v -2.911888 2.571203 -6.951766
v -0.075437 2.234509 -6.913483
v 20.025856 2.571202 -6.951769
v 1.224060 2.234504 -6.913572
v -35.418568 2.234507 -6.913944
v -12.811780 2.571202 -6.911354
v -20.981400 2.234506 -6.913766
v -19.198362 2.234506 -6.913715
v -20.981400 2.349852 -7.032592
v -28.675390 2.234507 -6.913849
v -25.706127 0.686343 -6.554237
v -25.694029 -0.305202 -6.386274
v -22.750650 0.686343 -6.554153
v -20.967613 0.686343 -6.554104
v -20.971472 -0.960898 -6.276419
v -32.067795 2.119161 -6.795202
v 19.263948 2.234503 -6.913915
v 6.346385 2.571203 -6.870942
v 8.332475 2.460526 -7.032595
v 2.827697 3.884749 -6.774769
v 10.359270 2.460526 -7.032595
v 10.359270 2.571203 -7.032595
v 12.388310 2.571203 -6.951768
v 10.522034 3.884749 -6.774769
v 10.386061 5.198295 -6.678597
v 16.430269 2.571202 -6.951768
v 19.103210 3.884748 6.774783
v 18.992275 3.222240 6.823289
v 15.503611 3.222228 -6.823277
v 15.500762 3.873253 -6.775611
v 13.478800 3.222228 -6.823277
v -35.474770 2.112247 0.464674
v -35.412346 1.924968 -0.232322
v -35.412270 1.924948 0.232342
v -35.497631 2.571204 -6.992177
v 42.831844 5.636803 -0.201522
v 43.289726 6.239308 -0.201522
v 2.494864 -1.804973 6.131662
v 2.494864 -1.878769 6.067395
v 42.553688 -2.106951 0.529497
v 19.813354 5.255811 6.678840
v 19.054695 -1.793025 4.131149
v 43.157177 -2.754590 -0.148017
v 43.233536 -2.517932 -0.148017
v 43.157177 -2.282907 -0.148017
v 42.837440 -2.196451 -0.367649
v 42.837440 -2.423837 -0.457877
v 42.837437 -2.675721 -0.345146
v 20.950813 3.942264 -6.775000
v 19.164780 3.884748 -6.774770
v 0.574294 2.571203 -6.870941
v 8.195046 3.884749 -6.774748
v 18.813652 -1.127100 -4.705216
v 21.441910 -0.865723 -4.481611
v -1.493680 2.571204 -6.870941
v 17.275009 4.535787 -6.727104
v -35.581085 2.571202 -6.911352
v 41.760384 6.251885 1.116644
v 38.482807 3.732462 1.509490
v 39.057594 4.873660 1.820152
v 28.760029 0.732131 3.694274
v 18.279217 -0.480982 5.293692
v 16.426437 -1.200418 5.191963
v 14.408079 -2.239160 4.491883
v 14.406828 -0.770751 5.956953
v 17.851479 0.886361 6.412209
v 16.426439 0.202696 6.278449
v 19.789379 2.345180 6.833101
v 2.494864 -2.378062 5.548858
v 0.639701 -2.441319 5.598017
v -1.163054 -2.006041 6.095891
v -7.094845 -2.598223 5.630424
v -0.134395 2.460527 7.032609
v 21.682953 -3.655072 1.271092
v 16.426437 -2.712837 3.466980
v -5.033149 -4.334521 0.000008
v 39.454536 -3.780327 0.333444
v 38.469379 -3.542963 0.716447
v 28.443329 -4.086904 0.584396
v 26.718021 -4.335343 0.000006
v 39.454536 -2.868424 0.866855
v 38.469379 -2.896114 0.928692
v 42.553688 -1.672423 0.219637
v 41.830212 -1.341123 0.314357
v 41.830212 -1.016718 0.000005
v 41.830212 -1.548265 0.533989
v 41.830212 -2.091479 0.645192
v -19.200932 -1.915632 5.528012
v -20.971474 -0.960898 6.276437
v -25.712402 -1.086218 5.530962
v -25.694031 -0.305202 6.386292
v -28.667320 -0.800748 5.375890
v -12.782313 2.345181 6.832820
v -9.939395 -4.045736 1.388168
v -9.939338 -3.764683 2.746154
v -7.095458 -4.136331 1.388167
v -34.603317 -1.523731 1.155738
v -7.095451 -3.533765 3.976390
v -35.622818 2.571201 -3.435464
v 39.757893 5.499188 1.802102
v 40.371758 5.540236 1.510350
v -5.032539 2.119137 6.794295
v -1.493677 2.571203 7.032609
v -1.493668 2.349850 7.032609
v 19.500425 2.460526 7.032608
v 1.283002 2.460526 7.032609
v -35.416420 2.460529 7.032612
v -12.900194 2.460528 7.032610
v -20.981400 2.234506 6.913784
v -20.981400 2.349852 7.032611
v -19.198362 2.234506 6.913734
v -25.719913 2.119160 6.795041
v -25.706129 0.686343 6.554255
v -28.663292 1.127615 6.627162
v -25.719913 2.119160 6.795041
v -28.663292 1.127615 6.627162
v -7.094242 0.026028 6.439342
v 17.836990 2.349849 7.032608
v 8.339003 2.571203 6.951782
v 8.332478 2.460526 7.032608
v 4.345003 3.884749 6.774783
v 6.346391 3.884749 6.774783
v 6.346385 2.571203 6.870955
v 10.361517 2.349850 7.032608
v 10.368042 2.571203 6.870955
v 10.368042 2.571203 6.870955
v 14.413124 2.571203 6.870955
v -9.938274 2.571202 6.870957
v 40.483261 2.728000 -0.191488
v 39.278358 2.681732 -0.650103
v 40.835342 3.813704 -0.390030
v 40.342850 3.808999 -0.673822
v 39.057594 4.873660 -1.820142
v 28.054256 2.238679 -4.683047
v 20.666431 0.446319 -5.644154
v 21.598091 1.697304 -6.268093
v 23.921980 3.323220 -6.518149
v 21.683212 2.436687 -6.587256
v -5.033143 -3.081880 -5.173265
v -7.095452 -3.533765 -3.976374
v 21.682953 -3.655072 -1.271080
v 38.469379 -3.542963 -0.716437
v 26.718021 -4.087070 -0.584385
v 39.454536 -2.868424 -0.866845
v 38.469379 -2.896114 -0.928682
v 41.106735 -0.892559 -0.314347
v 40.280640 -1.119578 -0.701388
v 33.442612 -1.245220 -1.605171
v 33.442612 -0.856248 -1.433269
v 32.877068 -0.581917 -1.696261
v 33.442612 -0.856248 -1.433269
v 31.696087 -0.768389 -2.027310
v 28.443329 -3.370983 -1.569160
v 30.085262 -3.312380 -1.419667
v 29.771164 -1.040926 -2.500643
v -20.966326 -1.701208 -5.564943
v -20.984699 -2.482224 -4.709612
v -34.603310 -1.349803 -3.279078
v -9.938283 2.119138 -6.794470
v -9.939395 -4.045736 -1.388151
v -7.095458 -4.136331 -1.388151
v -9.939338 -3.764683 -2.746137
v -7.095452 -3.533765 -3.976374
v 39.757893 5.499188 -1.802092
v 40.371758 5.540236 -1.510340
v -9.936366 0.157260 -6.463429
v -7.094243 0.026028 -6.439325
v -20.981400 2.119160 -6.794889
v -28.663292 1.127615 -6.627143
v -5.032540 0.026050 -6.439329
v -2.970838 0.026050 -6.439329
v 6.346390 3.884749 -6.774770
v 6.346385 2.571203 -6.870942
v 10.355046 2.234504 -6.913712
v 8.328251 2.234504 -6.913712
v 10.355047 2.119158 -6.794906
v 10.361515 2.349850 -7.032595
v 10.359270 2.571203 -7.032595
v 10.368041 2.571203 -6.870942
v 14.405458 2.571202 -7.032595
v 15.503613 3.222228 6.823290
v 13.478802 3.222228 6.823290
v 15.500763 3.873253 6.775624
v 19.103209 3.884748 -6.774770
v 18.992275 3.222240 -6.823277
v 16.435085 3.222228 -6.823277
v 17.057274 3.873266 -6.775610
v 17.057274 3.873266 -6.775610
v -35.622814 2.571201 -1.232557
v -35.455902 2.571205 -3.516290
v -35.497631 2.571204 -3.475877
v -35.622818 2.571201 6.052315
v 43.427673 6.246657 -0.123314
v 4.344998 -1.738720 6.091668
v 39.535477 0.416072 0.000005
v 38.780510 0.581565 0.190387
v 42.553688 -2.586221 0.506994
v -35.345737 1.800999 5.923435
v -35.264427 1.574980 6.704261
v 12.524284 3.884749 6.774783
v 12.388311 5.198295 6.678611
v 23.054125 -1.354894 -3.809266
v 21.441910 -0.865723 -4.481611
v 43.269524 -2.759186 0.000005
v 43.269524 -2.287502 0.000005
v 19.813356 5.255811 -6.678827
v 19.054695 -1.793025 -4.131136
v 13.614774 4.535774 6.727118
v -12.870722 2.571203 -6.992180
v 39.746761 1.652350 0.191498
v 40.483261 2.728000 0.191498
v 40.352917 1.679541 0.000005
v 39.278358 2.681732 0.650113
v 40.835342 3.813704 0.390039
v 40.342850 3.808999 0.673831
v 35.620838 1.345751 1.536180
v 37.813339 3.717921 1.799845
v 36.343666 2.522668 1.799980
v 28.054256 2.238679 4.683059
v 21.598091 1.697304 6.268106
v 23.921978 3.323220 6.518161
v 21.683212 2.436687 6.587269
v 6.346389 -2.244348 5.445133
v 6.346366 -1.707218 5.967494
v 4.344997 -2.311809 5.508864
v -7.095451 -3.533765 3.976390
v -5.033142 -3.081880 5.173281
v 19.054695 -3.172794 2.560692
v 19.054695 -2.451461 3.243375
v 21.682953 -2.252982 3.224861
v 38.469379 -3.882264 0.383008
v 38.469379 -4.176144 0.000005
v 26.718021 -4.087070 0.584397
v 41.830212 -2.318865 0.735420
v 41.106735 -0.892559 0.314357
v 40.280640 -0.795173 0.387046
v 40.280640 -0.169951 0.000005
v 28.443329 -3.370983 1.569171
v 30.085262 -3.312380 1.419679
v -20.966328 -1.701208 5.564961
v -20.984699 -2.482224 4.709630
v -34.603310 -1.349803 1.155738
v -34.603310 -1.349803 3.279098
v -34.603317 -1.523731 1.155738
v -34.603306 -0.333707 2.578275
v -35.068661 1.031344 3.306606
v -34.835983 0.348545 5.884871
v -12.783278 -3.872277 1.357995
v -15.989504 -3.123583 3.766259
v -12.783703 -3.310347 3.885871
v -9.939335 -3.360306 3.946218
v 17.965752 5.198295 6.678610
v -12.780405 0.157283 6.463641
v -22.764435 2.234506 6.913784
v -25.694031 -0.305202 6.386292
v -15.994200 0.471919 6.517085
v -15.990341 2.119160 6.794770
v -5.032539 0.026050 6.439346
v -2.970837 0.026050 6.439346
v 10.355047 2.234504 6.913725
v 10.355048 2.119158 6.794919
v 8.328252 2.234504 6.913724
v 10.359273 2.460526 7.032608
v 10.359273 2.571203 7.032608
v 8.339003 2.571203 6.951782
v 12.388312 2.571203 6.951782
v 41.441498 3.840894 -0.198537
v 41.862965 3.842973 0.000005
v 34.725952 1.291696 -1.846966
v 32.822140 -0.071694 -1.914215
v 24.721973 2.256013 -5.736534
v 20.217117 1.831819 -6.551779
v 19.704258 1.605797 -6.513925
v 10.366358 -0.820118 -6.299327
v 19.054695 -2.451461 -3.243362
v 21.682953 -2.252982 -3.224849
v 42.553684 -3.110077 -0.197125
v 41.830208 -2.976543 -0.461185
v 37.484222 -3.938780 -0.382998
v 36.309212 -3.995642 -0.412612
v 36.309212 -4.253132 0.000005
v 41.830208 -2.570749 -0.622679
v 40.280640 -0.795173 -0.387036
v 40.280640 -0.169951 0.000005
v 34.568665 -0.159552 -1.320174
v 36.309212 -0.200190 -0.718970
v -22.755238 -1.527490 -5.458037
v -34.603306 -0.764344 -2.123350
v -34.603306 -0.333707 -2.578255
v -34.603306 -0.764344 -4.701615
v -9.939398 -4.243926 0.000008
v 16.647072 5.198295 -6.678597
v 17.965752 5.198295 -6.678597
v 2.813999 2.460526 -7.032594
v 1.283001 2.460526 -7.032593
v 2.813999 2.349850 -7.032594
v -16.049278 2.460528 -7.032592
v -19.198362 2.460528 -7.032592
v -16.049282 2.349852 -7.032592
v -2.911891 2.460527 -6.951766
v -2.911888 2.571203 -6.951766
v -2.970832 2.345181 -6.832611
v -0.075448 2.345185 -6.913483
v -0.075437 2.234509 -6.913483
v -0.016510 2.345185 -6.832657
v 18.093704 2.571202 -6.951769
v 18.086040 2.571202 -7.032595
v 20.025856 2.571202 -6.951769
v 2.813999 2.234504 -6.913634
v 2.813999 2.349850 -7.032594
v 1.224060 2.234504 -6.913572
v -16.049282 2.234506 -6.913716
v -19.198362 2.234506 -6.913715
v -15.990343 2.119160 -6.794752
v -9.936367 -1.935827 -6.108480
v -12.780407 0.157283 -6.463624
v -20.981396 2.460528 -7.032592
v -20.981400 2.349852 -7.032592
v -22.764435 2.234506 -6.913766
v -35.416420 2.460529 -7.032591
v -25.719913 2.119160 -6.795023
v -15.994201 0.471919 -6.517067
v -15.990343 2.119160 -6.794752
v 4.344997 0.227117 -6.475298
v 17.836990 2.460526 -7.032595
v 18.086040 2.571202 -7.032595
v 16.422606 2.460526 -7.032595
v 6.346265 0.461318 -6.514879
v 6.333390 2.119158 -6.794751
v 8.334658 0.461317 -6.514956
v 6.193665 5.198295 -6.678575
v 10.361515 2.349850 -7.032595
v 14.405458 2.571202 -7.032595
v 10.353482 0.837723 -6.579200
v 10.355047 2.119158 -6.794906
v 21.682953 -2.252982 -3.224849
v 23.337833 -4.335670 0.000006
v 14.543347 5.198295 6.678611
v 14.413124 2.571203 6.870955
v 14.413122 2.571203 -6.870942
v 17.060123 3.222241 -6.823276
v 18.370087 2.571202 -6.870942
v 16.649971 4.535774 -6.727104
v -35.240448 1.477873 3.538937
v 38.699574 0.393746 0.190387
v 30.018604 -2.041214 2.057640
v 31.739107 -1.498533 1.843885
v -35.541504 2.345181 6.014495
v 28.614826 5.014752 6.114763
v 29.374102 5.598298 6.184625
v 35.407013 5.312719 3.710941
v 36.111027 5.896196 3.786494
v 12.252339 3.884749 6.774783
v 24.969040 -2.823176 2.386881
v 23.323658 -2.822935 2.539582
v -35.541508 2.345181 6.833139
v 22.813082 -0.688969 -4.383346
v 24.779772 4.882462 -6.708842
v 26.143013 5.473320 -6.685129
v -34.835983 0.348545 -5.884851
v -31.859926 0.583434 -6.536180
v 12.388309 5.198295 -6.678597
v 12.524282 3.884749 -6.774769
v 13.614772 4.535774 -6.727104
v -35.580063 2.435374 1.330384
v -35.622814 2.571201 1.232577
v 42.263065 6.289530 0.844683
v 38.910858 1.630024 0.381879
v 38.312111 1.610947 0.649002
v 37.003063 0.466731 0.663123
v 41.441498 3.840894 0.198547
v 41.862965 3.842973 0.000005
v 34.725952 1.291696 1.846977
v 32.822140 -0.071694 1.914226
v 24.721973 2.256013 5.736546
v 20.217117 1.831819 6.551792
v 19.704258 1.605797 6.513937
v 10.366360 -0.820118 6.299340
v 6.346366 -1.633422 6.031761
v 6.346266 -1.430724 6.195516
v 26.377834 -1.737398 2.864463
v -7.095458 -4.136331 1.388167
v 14.408081 -3.852963 1.289607
v 37.484222 -3.938780 0.383008
v 36.309212 -3.701762 0.795625
v 37.484222 -2.998051 0.978255
v 36.309212 -3.107022 1.052330
v 40.280640 -1.119578 0.701398
v 33.430702 -1.465141 1.639699
v 33.430702 -2.143800 1.608526
v 31.727196 -2.252292 1.774486
v 34.568665 -0.159552 1.320184
v 36.309212 -0.200190 0.718980
v 37.714417 0.296372 0.380769
v 26.703846 -2.787446 2.253270
v -22.755241 -1.527490 5.458055
v -34.603306 -1.194981 2.123370
v -34.603306 -0.764344 2.123370
v -34.603306 -0.764344 4.701634
v -9.939398 -4.243926 0.000008
v 36.741684 5.357775 3.167208
v 37.504608 5.969274 3.172421
v 30.885685 5.660536 5.722198
v 30.309870 5.090471 5.587224
v 2.813999 2.460526 7.032609
v 2.813999 2.349850 7.032609
v 1.283002 2.460526 7.032609
v -16.049276 2.460528 7.032610
v -16.049276 2.571204 7.032610
v -12.900194 2.460528 7.032610
v -2.911889 2.460527 6.951784
v -2.970831 2.345181 6.832628
v -2.911887 2.571203 6.951784
v -0.075447 2.345185 6.913498
v -0.016509 2.345185 6.832672
v -0.075436 2.234509 6.913498
v 18.093704 2.571202 6.951781
v 16.430271 2.571202 6.951782
v 18.370087 2.571202 6.870955
v 2.813999 2.234504 6.913649
v 4.344998 2.234504 6.913649
v 2.755059 2.119159 6.794628
v -16.049280 2.234506 6.913734
v -15.990341 2.119160 6.794770
v -19.198362 2.234506 6.913734
v -9.936365 -1.935827 6.108497
v -20.981400 2.119160 6.794908
v -35.416420 2.460529 7.032612
v -22.750652 0.686343 6.554172
v -20.967615 0.686343 6.554122
v -20.971474 -0.960898 6.276437
v -15.992285 -1.489958 6.186044
v 4.344998 0.227117 6.475312
v 17.836990 2.460526 7.032608
v 19.500425 2.460526 7.032608
v 17.836990 2.349849 7.032608
v 8.334659 0.461317 6.514968
v 6.346266 -1.430724 6.195516
v 2.755060 2.571203 6.870956
v 12.388313 2.234504 6.913803
v 10.366360 -0.820118 6.299340
v 23.337833 -4.335670 0.000006
v 37.370567 1.518439 -0.931346
v 36.650040 1.475473 -1.217320
v 35.032318 0.244501 -1.264316
v 36.918453 3.663866 -2.110631
v 33.544968 1.105223 -2.178015
v 35.783787 3.611190 -2.604934
v 34.106270 2.404834 -2.602323
v 23.790314 1.005028 -5.112595
v 10.368752 -3.144459 -3.756854
v 10.368752 -2.550049 -4.745925
v 8.347780 -3.217769 -3.779638
v 18.279217 -0.480982 -5.293678
v 16.426439 -1.200418 -5.191950
v 22.132526 1.051187 -5.679630
v 20.666431 0.446319 -5.644154
v 14.408081 -2.239160 -4.491869
v 10.367496 -1.935624 -5.373786
v 8.347756 -2.139050 -5.385213
v 10.367472 -1.398494 -5.896147
v 14.406826 -0.221621 -6.206217
v 12.386197 -0.819390 -6.124146
v 6.346389 -2.743641 -4.926583
v 22.541004 3.995928 -6.777949
v 23.189579 5.366990 -6.682006
v 16.426439 -2.712837 -3.466967
v -7.095458 -4.136331 -1.388151
v 6.346389 -3.251426 -3.795491
v 42.873425 -2.916975 -0.197125
v 42.873425 -3.188946 0.000005
v 36.309212 -3.701762 -0.795615
v 40.280640 -2.299608 -0.958961
v 37.484222 -2.998051 -0.978245
v 36.309212 -3.107022 -1.052320
v 39.454540 -0.396970 -0.387036
v 38.469383 -0.494344 -0.577418
v 38.469383 -0.971224 -0.893963
v 41.106735 -1.760179 -0.739902
v 35.597862 -0.029831 -1.001324
v 36.772873 0.203864 -0.663113
v -25.728531 -2.023036 -4.447634
v -12.783278 -3.872277 -1.357978
v 2.814000 2.571203 -7.032594
v -16.049278 2.571204 -7.032592
v -2.852951 2.460527 -7.032593
v -0.134396 2.460527 -7.032594
v 16.430269 2.571202 -6.951768
v 4.344997 2.234504 -6.913634
v -16.049282 2.349852 -7.032592
v -21.872913 2.571205 -7.032592
v -20.981400 2.119160 -6.794889
v -15.992284 -1.489958 -6.186027
v 19.500425 2.460526 -7.032595
v 6.346265 -1.430724 -6.195502
v 2.814000 2.571203 -6.951768
v 4.344997 2.571203 -6.951768
v 2.755059 2.571203 -6.870941
v 12.388311 2.234504 -6.913789
v 14.405458 2.234504 -6.913789
v 12.388311 2.234504 -6.913789
v 14.405459 2.119158 -6.795061
v 10.366358 -0.820118 -6.299327
v 15.497864 4.535774 6.727118
v 15.500763 3.873253 6.775624
v 16.435085 3.222228 6.823290
v 17.060123 3.222241 6.823289
v 18.370087 2.571202 6.870955
v 14.543346 5.198295 -6.678597
v 43.303070 6.357547 0.123323
v -35.581085 2.571202 -3.435464
v -35.539360 2.571203 -3.475877
v -35.497631 2.571204 3.475899
v 0.646934 3.884749 6.774784
v 30.030514 -1.821292 2.023123
v 27.952698 4.988252 6.305597
v 42.772472 6.325077 0.550267
v 31.159325 5.126208 5.315632
v 31.838070 5.155116 5.085107
v 34.153465 5.247135 4.262132
v 1.237760 3.884749 6.774784
v 0.904925 0.087068 6.450978
v 0.574316 2.119163 6.794477
v 23.328335 -2.974556 2.389477
v 23.336494 -3.337245 2.024529
v -35.622818 2.571201 6.052315
v 26.143017 4.935128 -6.709016
v -31.627249 -0.098818 -5.807851
v 12.252337 3.884749 -6.774769
v 23.323658 -2.822935 -2.539570
v 24.969040 -2.823176 -2.386869
v 13.478802 3.222228 6.823290
v 17.793245 4.535787 6.727117
v 17.385944 5.198295 6.678610
v 13.478800 3.222228 -6.823277
v -35.580063 2.435374 0.366866
v -30.370514 2.571205 -7.032592
v 40.095657 6.130699 -1.928521
v 40.095657 6.130699 1.928530
v 37.370567 1.518439 0.931356
v 39.744106 3.789922 0.940954
v 39.203339 3.775428 1.223516
v 37.959084 2.619689 1.203209
v 36.918453 3.663866 2.110641
v 37.253460 4.806443 2.604809
v 30.156130 3.411824 4.688633
v 32.016479 4.609900 4.683619
v 28.481636 3.382999 5.175084
v 10.368751 -3.144459 3.756868
v 8.347780 -3.217769 3.779652
v 10.368751 -2.550049 4.745939
v 10.367498 -1.935624 5.373800
v 8.347757 -2.139050 5.385226
v 10.367475 -1.398494 5.896160
v 14.406828 -0.221621 6.206230
v 12.386200 -0.819390 6.124159
v 6.346389 -2.743641 4.926597
v 6.346389 -3.251426 3.795504
v 36.309212 -3.995642 0.412623
v 36.309212 -4.253132 0.000005
v 40.280640 -2.299608 0.958970
v 39.454540 -0.396970 0.387046
v 38.469383 0.130879 0.190387
v 33.442612 -1.245220 1.605182
v 33.442612 -0.856248 1.433280
v 41.106735 -1.760179 0.739912
v 32.877068 -0.581917 1.696272
v 31.696087 -0.768389 2.027321
v 33.442612 -0.856248 1.433280
v 38.469383 0.130879 0.190387
v 29.771164 -1.040926 2.500654
v -25.728533 -2.023036 4.447653
v -34.603310 -1.368909 0.000010
v -34.603306 -0.764344 0.000010
v -34.835983 0.349091 2.578275
v -34.835983 0.349091 0.000010
v -20.984709 -3.058099 1.298189
v -20.984707 -2.825696 2.542916
v -19.195793 -3.279541 1.298189
v -15.989506 -3.313763 2.656175
v -19.195789 -2.846122 3.706452
v -20.984703 -2.672404 3.599547
v 2.827703 5.198295 6.678611
v 38.016388 5.417943 2.610022
v 39.088425 5.484647 2.092456
v 41.408478 5.594473 0.978282
v 41.264427 6.212143 1.366150
v 41.900970 5.599178 0.694490
v 28.109116 5.548892 6.530387
v 4.344998 2.460526 7.032609
v -19.198360 2.460528 7.032611
v -2.911895 2.234505 6.913455
v -0.075469 2.571203 6.951783
v 18.086040 2.571202 7.032608
v 2.813999 2.349850 7.032609
v -12.841259 2.234506 6.913646
v 0.574295 2.345181 6.832762
v 1.165121 2.345181 6.832762
v -21.872917 2.571205 7.032611
v -20.981400 2.119160 6.794908
v 2.755059 2.119159 6.794628
v 18.086040 2.571202 7.032608
v 6.346266 0.461318 6.514893
v 6.333390 2.119158 6.794765
v 6.339859 2.349850 7.032608
v 2.827698 3.884749 6.774784
v 2.814000 2.571203 6.951783
v 2.755060 2.571203 6.870956
v 4.344998 2.571203 6.951782
v 10.361517 2.349850 7.032608
v 14.405459 2.234504 6.913803
v 14.405460 2.119158 6.795074
v 12.388313 2.234504 6.913803
v 10.353484 0.837723 6.579213
v 10.355048 2.119158 6.794919
v 21.682953 -3.655072 1.271092
v 39.744106 3.789922 -0.940944
v 39.203339 3.775428 -1.223506
v 37.959084 2.619689 -1.203199
v 37.253460 4.806443 -2.604799
v 26.108303 -0.990690 -3.451465
v 27.077023 0.544682 -3.953799
v 25.402529 0.515857 -4.440249
v 12.389722 -3.018328 -3.639927
v 14.408081 -1.385177 -5.329079
v 12.388467 -1.809493 -5.256859
v 10.366457 -1.022816 -6.135572
v 8.347633 -1.399222 -6.071328
v 2.489835 -2.874359 -5.039472
v 20.950813 3.942264 -6.775000
v 4.344997 -4.081054 -1.364061
v 14.408081 -2.897596 -3.604095
v 26.377834 -1.737398 -2.864451
v 24.694828 -1.924847 -3.123987
v 2.489835 -3.350287 -3.873595
v 4.344997 -3.318887 -3.859221
v 35.134205 -4.016114 -0.412612
v 33.421566 -4.043679 -0.485723
v 33.430698 -4.304390 0.000005
v 38.469383 -2.323512 -1.128653
v 42.873428 -1.966021 -0.219628
v 42.873428 -1.758879 0.000005
v 38.469383 0.130879 -0.190377
v 40.280640 -1.756393 -0.847758
v 39.454540 -1.659007 -0.920447
v 26.703846 -2.787446 -2.253258
v -9.936970 -2.466991 -5.654510
v -9.936367 -1.935827 -6.108480
v -12.781338 -2.417033 -5.594163
v -15.992284 -1.489958 -6.186027
v -25.712402 -1.086218 -5.530943
v -28.667320 -0.800748 -5.375871
v -25.694029 -0.305202 -6.386274
v -34.603310 -1.349803 -1.155718
v -34.603306 -1.194981 -2.123350
v -34.835983 0.349091 -2.578255
v -31.643379 -1.466273 -4.269636
v -20.984709 -3.058099 -1.298170
v -19.195793 -3.279541 -1.298171
v -20.984707 -2.825696 -2.542897
v -15.989503 -3.123583 -3.766241
v -15.989506 -3.313763 -2.656157
v -19.195789 -2.846122 -3.706434
v -12.783703 -3.310347 -3.885854
v -20.984701 -2.672404 -3.599528
v -9.939335 -3.360306 -3.946201
v 38.016388 5.417943 -2.610012
v 39.088425 5.484647 -2.092446
v 4.344997 2.460526 -7.032594
v -12.900198 2.460528 -7.032593
v -2.911896 2.234505 -6.913437
v -0.075470 2.571203 -6.951768
v 18.370087 2.571202 -6.870942
v 2.755058 2.119159 -6.794613
v -12.841263 2.234506 -6.913629
v 0.574294 2.571203 -6.870941
v -28.675388 2.460529 -7.032592
v -32.026165 2.349853 -7.032592
v -32.026165 2.234507 -6.913848
v -32.067795 2.119161 -6.795202
v -28.675390 2.234507 -6.913849
v -19.202221 0.471919 -6.517155
v -5.032540 -2.067059 -6.084376
v 17.836990 2.349849 -7.032595
v 6.333390 2.234504 -6.913711
v 6.339858 2.349850 -7.032595
v 4.344997 2.234504 -6.913634
v 6.339858 2.460526 -7.032595
v 6.337614 2.571203 -7.032595
v 2.755059 2.571203 -6.870941
v 2.814000 2.571203 -7.032594
v 14.405458 2.349849 -7.032595
v 23.054125 -2.076227 -3.126583
v 16.429337 4.535774 6.727117
v 17.057274 3.873266 6.775623
v 18.992275 3.222240 -6.823277
v -35.477303 2.112268 -0.232322
v -35.544716 2.299538 -0.232309
v -35.477264 2.112247 0.000010
v -35.477226 2.112247 0.232342
v -35.539764 2.299546 0.232342
v -35.622814 2.571201 0.134535
v -35.240524 1.478439 -0.232322
v -35.240486 1.478418 0.000010
v -35.240448 1.478418 0.232342
v -20.089878 2.571205 -7.032592
v -35.539360 2.571203 3.475899
v -35.517525 2.248074 2.849172
v -35.580063 2.435374 2.849172
v -35.622814 2.571201 3.714882
v 43.233536 -2.517932 0.148026
v 43.157177 -2.754590 0.148026
v 43.157177 -2.282907 0.148026
v 42.837440 -2.423837 0.457886
v 42.837440 -2.196451 0.367659
v 42.837437 -2.675721 0.345155
v 43.165123 6.350198 0.324850
v 32.413887 5.725181 5.220081
v 0.314121 0.087072 6.450888
v 16.424522 1.435492 6.661438
v 17.851479 1.435492 6.661486
v 24.981876 -3.337487 1.871828
v 2.494863 -1.878769 -6.067380
v 2.494863 -1.804973 -6.131647
v 42.553688 -2.106951 -0.529488
v 42.553688 -2.586221 -0.506985
v 29.374104 5.598298 -6.184613
v 28.614830 5.014752 -6.114753
v 36.111031 5.896196 -3.786484
v 35.407013 5.312719 -3.710931
v -35.585014 2.435365 -1.330351
v -35.585014 2.435365 -0.366833
v 0.574315 2.119163 -6.794462
v 0.904924 0.087068 -6.450962
v 23.328335 -2.974556 -2.389465
v 24.981876 -3.337487 -1.871817
v 17.275009 4.535787 6.727117
v -12.811777 2.571202 6.911370
v 36.650040 1.475473 1.217331
v 35.032318 0.244501 1.264327
v 33.544968 1.105223 2.178026
v 35.783787 3.611190 2.604944
v 34.106270 2.404834 2.602334
v 33.106606 3.502356 3.640235
v 34.784122 4.708713 3.642846
v 31.589100 3.465580 4.191593
v 10.368751 -3.686048 2.673654
v 26.786591 3.307281 5.702623
v 28.888466 4.480425 5.708197
v 25.128803 3.353439 6.269659
v 25.986595 4.374488 6.484238
v 10.366459 -1.022816 6.135586
v 8.347633 -1.399222 6.071342
v 2.489836 -2.874359 5.039486
v 20.950813 3.942264 6.775012
v 4.344997 -4.081054 1.364075
v 6.346389 -4.047397 1.348222
v 6.346388 -4.335582 0.000007
v 8.347780 -4.047543 1.348222
v 6.346389 -3.793015 2.712290
v 26.637186 -2.517764 2.386931
v 28.050659 -1.583606 2.714409
v 10.368752 -4.047006 1.348222
v 2.489836 -3.350287 3.873610
v 4.344997 -3.318887 3.859235
v 35.134205 -4.016114 0.412623
v 33.421566 -3.786190 0.898351
v 38.469383 -2.323512 1.128663
v 35.134205 -3.163885 1.081945
v 33.430698 -3.272377 1.247905
v 38.469383 -0.494344 0.577428
v 38.469383 -0.971224 0.893973
v 40.280640 -1.756393 0.847768
v 39.454540 -1.659007 0.920457
v 30.018602 -2.575051 1.953724
v 28.376671 -2.633654 2.103216
v 35.597862 -0.029831 1.001334
v 36.772873 0.203864 0.663123
v 26.708523 -3.406714 1.702782
v 26.708523 -2.939067 2.103166
v -9.936968 -2.466991 5.654527
v -12.781337 -2.417033 5.594180
v -9.936365 -1.935827 6.108497
v -15.992285 -1.489958 6.186044
v -34.603306 -0.333707 2.578275
v -31.643379 -1.466273 4.269655
v -22.773624 -2.847493 1.244736
v -22.773621 -2.461798 3.546094
v -15.989985 -2.842706 4.936148
v -25.728542 -2.509061 1.244736
v -9.939816 -3.079429 5.116107
v 16.647072 5.198295 6.678610
v 39.252708 6.076823 2.333189
v 42.410378 5.634724 0.400073
v 33.975056 5.792350 4.663620
v 27.349840 4.965346 6.460526
v 33.271042 5.208872 4.588068
v 2.814000 2.571203 7.032609
v -16.049280 2.349852 7.032610
v -2.852950 2.460527 7.032610
v -0.134395 2.460527 7.032609
v 20.025856 2.571202 6.951781
v 1.224061 2.234504 6.913589
v -16.049280 2.349852 7.032610
v 0.574295 2.571203 6.870956
v -0.016509 2.345185 6.832672
v -20.981400 2.460528 7.032611
v -20.981400 2.349852 7.032611
v -28.675392 2.460529 7.032610
v -32.026165 2.460529 7.032611
v -33.760777 2.571205 7.032612
v -32.026165 2.234507 6.913868
v -35.418568 2.234507 6.913966
v -32.026165 2.349853 7.032611
v -19.202221 0.471919 6.517173
v -5.032540 -2.067059 6.084393
v -1.493663 0.026054 6.439390
v -1.493662 2.119163 6.794343
v 16.422606 2.460526 7.032608
v 6.333390 2.234504 6.913725
v 8.328252 2.234504 6.913724
v 6.333390 2.119158 6.794765
v 6.339859 2.460526 7.032608
v 6.337616 2.571203 7.032608
v 1.224062 2.571203 6.951783
v 14.407376 1.435493 6.661362
v 14.405812 0.154057 6.445655
v 16.422607 2.234503 6.913879
v 14.405458 2.571202 7.032608
v 42.215050 4.928678 -0.198537
v 41.301090 4.921894 -0.680871
v 32.202461 1.041444 -2.669572
v 29.716234 -0.530704 -2.718597
v 10.368752 -3.686048 -2.673640
v 17.851479 1.435492 -6.661474
v 14.405811 0.154057 -6.445642
v 2.494863 -2.378062 -5.548843
v 0.639701 -2.441319 -5.598001
v -1.168083 -2.502337 -5.586503
v -1.168082 -2.985993 -5.129361
v -1.163055 -2.006041 -6.095875
v 22.541006 3.457736 -6.801836
v -1.168082 -4.133943 -1.386565
v -1.168082 -4.334521 0.000008
v 0.634673 -4.111997 -1.378434
v 2.489835 -4.080596 -1.364060
v 2.489835 -4.334978 0.000008
v 6.346388 -4.335582 0.000007
v 14.408081 -3.492006 -2.615025
v 12.389722 -3.973696 -1.325424
v -1.168083 -3.435490 -3.930884
v 0.634673 -3.413544 -3.922753
v -1.168082 -2.985993 -5.129361
v 41.830208 -3.248515 -0.264056
v 41.830208 -3.623998 0.000005
v 33.421566 -3.786190 -0.898341
v 41.830212 -2.318865 -0.735410
v 35.134205 -3.163885 -1.081934
v 36.309212 -2.460173 -1.264564
v 33.430698 -3.272377 -1.247895
v 37.484222 -0.443375 -0.697304
v 36.309212 -0.677070 -1.035515
v 36.309212 -1.066041 -1.207418
v 38.469383 -1.686697 -0.982283
v 37.484222 -1.635729 -1.102169
v 36.309212 -1.781515 -1.295738
v 26.708523 -3.406714 -1.702770
v 26.708523 -2.939067 -2.103154
v -7.094846 -2.598223 -5.630407
v -31.643383 -1.585908 -3.290541
v -31.643387 -1.740731 -2.322908
v -28.683455 -1.857200 -3.313467
v -34.603317 -1.523731 -1.155718
v -34.603306 -0.333707 -2.578255
v -31.643379 -1.035636 -4.724541
v -34.603306 -0.764344 -4.701615
v -20.984711 -3.301338 0.000009
v -25.728542 -2.295962 -2.411908
v -15.989986 -2.842706 -4.936131
v -31.643387 -1.759836 -1.167181
v -28.683460 -2.189934 -1.167181
v -15.989509 -3.557002 -1.357978
v -15.989566 -3.838055 0.000009
v 36.741684 5.357775 -3.167198
v 37.504616 5.969274 -3.172410
v 30.885689 5.660536 -5.722188
v 30.309875 5.090471 -5.587214
v 0.574293 2.345181 -6.832747
v 1.165120 2.345181 -6.832746
v -32.026161 2.460529 -7.032592
v -33.760773 2.571205 -7.032591
v -35.418568 2.234507 -6.913944
v 2.755058 2.119159 -6.794613
v 8.328251 2.234504 -6.913712
v 6.339858 2.349850 -7.032595
v 1.224061 2.571203 -6.951767
v 12.388310 2.460526 -7.032595
v 16.422607 2.234503 -6.913866
v 14.405458 2.460526 -7.032595
v 14.405458 2.349849 -7.032595
v 18.992275 3.222240 6.823289
v 16.649971 4.535774 6.727117
v 16.429337 4.535774 -6.727104
v -35.479801 2.112259 -0.464641
v -35.580063 2.435374 0.232342
v -35.539764 2.299546 0.232342
v -35.585014 2.435365 -0.232309
v -35.544716 2.299538 -0.232309
v 42.831844 5.636803 0.201531
v 43.289726 6.239308 0.201531
v -35.474770 2.112247 0.464674
v -35.622814 2.571201 -6.052294
v -35.479801 2.112259 -0.464641
v 38.552406 5.451295 2.351239
v 40.064823 5.519712 1.656226
v 41.160500 5.574602 1.103035
v 42.155678 5.616951 0.547282
v -12.811785 2.345181 6.873233
v -20.089880 2.460528 7.032611
v -24.242174 2.460528 7.032611
v -33.721291 2.460529 7.032612
v 38.552406 5.451295 -2.351229
v 40.064823 5.519712 -1.656216
v 41.160500 5.574602 -1.103025
v 42.155678 5.616951 -0.547272
v -12.811788 2.345181 -6.873216
v -20.089878 2.460528 -7.032592
v -24.242172 2.460528 -7.032592
v -33.721291 2.460529 -7.032591
s 1
f 1 771 770
f 4 1306 1305
f 9 965 964
f 12 1463 1462
f 15 1979 1978
f 17 966 1978
f 15 1982 1981
f 21 1614 1613
f 20 1464 1981
f 25 968 967
f 28 1466 1465
f 34 1617 1616
f 40 1786 1785
f 43 1619 1618
f 46 1155 1154
f 7 1781 1788
s 0
f 50 1790 1789
s 1
f 53 970 969
f 56 1468 1467
f 59 1988 1987
f 62 1158 1157
f 65 1622 1621
f 67 1791 1989
f 29 1623 1615
f 71 1470 1469
f 74 1991 1990
f 79 1626 1625
f 82 778 777
f 85 1311 1310
f 86 1311 1472
f 85 1314 1313
f 91 973 972
f 89 1314 1993
f 95 1628 1627
f 98 780 779
f 103 1995 1994
f 109 784 783
f 112 1997 1996
f 115 1999 1998
f 118 1317 1316
f 77 1162 1159
s 0
f 122 2001 2000
s 1
f 125 1164 1163
f 128 1630 1629
f 131 789 788
f 134 1321 1320
f 137 1798 1797
f 138 2003 2002
f 100 974 1165
f 56 1467 1475
f 144 1801 1800
f 128 1631 1630
f 148 1167 1166
f 151 1633 1632
s 0
f 156 1778 1144
s 1
f 157 1635 1477
f 157 1477 1478
f 13 1635 1636
f 13 1636 1637
f 161 1481 1638
f 161 1638 795
f 157 1481 1482
f 157 1482 1480
f 159 1808 1809
f 159 1809 1810
f 160 1807 2006
f 160 2006 2007
f 165 1326 1484
f 165 1484 1485
f 166 1483 1640
f 166 1640 1641
f 168 1811 2009
f 168 2009 2010
f 169 2008 797
f 169 797 798
f 171 981 2011
f 171 2011 1173
f 172 1172 1328
f 172 1328 982
f 173 2013 1813
f 173 1813 1486
f 2 983 984
f 2 984 963
f 175 1817 1816
f 175 1816 1818
f 63 1158 1329
f 63 1329 1330
f 174 1815 2015
f 174 2015 1642
f 3 1174 1177
f 3 1177 1178
f 178 1331 985
f 178 985 986
f 175 1818 1819
f 175 1819 1820
f 180 1176 1333
f 180 1333 1334
f 181 2017 1488
f 181 1488 1489
f 182 1487 1643
f 182 1643 1644
f 183 1332 1822
f 183 1822 1823
f 184 1821 2019
f 184 2019 2020
f 175 1820 1490
f 175 1490 1824
f 184 2020 1646
f 184 1646 1491
f 192 1492 1336
f 192 1336 2021
f 193 1337 801
f 193 801 802
f 195 988 1181
f 195 1181 1182
f 9 992 991
f 9 991 965
s 0
f 201 994 993
f 201 993 995
s 1
f 206 804 803
f 206 803 805
f 210 1493 1186
f 210 1186 1494
f 206 807 806
f 206 806 804
f 213 2025 2024
f 213 2024 2023
f 216 1190 1189
f 216 1189 1191
f 178 799 998
f 178 998 1331
f 65 2028 1648
f 65 1648 999
f 220 809 2030
f 220 2030 1000
f 193 811 810
f 193 810 812
f 221 1343 1192
f 221 1192 1649
f 192 2021 2031
f 192 2031 2032
f 175 1824 1825
f 175 1825 1817
f 64 1309 1496
f 64 1496 1497
f 220 1193 1650
f 220 1650 809
f 16 1979 813
f 16 813 814
f 222 815 816
f 222 816 818
f 224 1001 1194
f 224 1194 1195
f 226 1344 1498
f 226 1498 1499
f 228 1651 1826
f 228 1826 1827
f 230 2033 819
f 230 819 820
f 233 1196 1004
f 233 1004 1346
f 234 821 1500
f 234 1500 1346
f 24 1464 823
f 24 823 817
f 223 1006 1007
f 223 1007 1002
f 225 1348 1349
f 225 1349 1345
f 227 1653 1654
f 227 1654 1652
f 229 2036 2037
f 229 2037 2034
f 18 1198 1197
f 18 1197 1980
f 241 1352 1351
f 241 1351 1350
f 242 1504 1503
f 242 1503 1502
f 245 1829 2038
f 245 2038 2039
f 247 825 1010
f 247 1010 1011
f 249 1199 1831
f 249 1831 1656
f 19 1353 1354
f 19 1354 1307
f 243 1655 2040
f 243 2040 1833
f 245 2039 827
f 245 827 2041
f 238 828 829
f 238 829 824
f 239 1012 1657
f 239 1657 1008
f 240 1658 2042
f 240 2042 1200
f 166 1641 1834
f 166 1834 1659
f 160 2007 2044
f 160 2044 2045
f 13 1637 1661
f 13 1661 1612
f 234 1505 2046
f 234 2046 821
f 240 1200 1506
f 240 1506 1009
f 250 2043 1662
f 250 1662 2047
f 22 1835 1838
f 22 1838 1782
f 253 2049 2048
f 253 2048 2050
f 257 1355 831
f 257 831 2051
f 259 1663 1507
f 259 1507 1356
f 260 1663 1357
f 260 1357 1839
f 262 834 833
f 262 833 835
s 0
f 266 1510 1509
f 266 1509 1511
f 270 1841 1665
f 270 1665 1512
s 1
f 272 1843 1842
f 272 1842 1513
s 0
f 275 1016 1015
s 1
f 275 1015 1017
f 26 1204 1203
f 26 1203 1152
f 280 1845 1844
f 280 1844 1846
f 281 2055 1018
f 281 1018 837
f 285 1362 1361
f 285 1361 1363
f 286 1517 1516
f 286 1516 1847
f 262 835 838
f 262 838 839
f 284 2055 1849
f 284 1849 1205
f 281 837 2057
f 281 2057 2054
f 286 1362 1518
f 286 1518 1517
f 286 1847 1021
f 286 1021 1515
f 170 1023 1668
f 170 1668 2012
f 167 2181 1851
f 167 1851 1812
f 164 2182 1367
f 164 1367 1327
f 163 2183 1206
f 163 1206 1171
f 161 2184 1855
f 161 1855 796
f 303 1207 2063
f 303 2063 1856
f 34 1616 1671
f 34 1671 1670
f 41 1786 2064
f 41 2064 2062
s 0
f 307 1673 1672
f 307 1672 1674
f 311 1025 1024
f 311 1024 1026
f 315 1676 1675
f 315 1675 1677
f 319 1028 1027
f 319 1027 1029
s 1
f 323 1679 1678
f 323 1678 1680
s 0
f 327 1031 1030
f 327 1030 1032
s 1
f 331 1682 1681
f 331 1681 1683
f 335 1034 1033
f 335 1033 1035
s 0
f 339 1685 1684
f 339 1684 1686
s 1
f 343 1037 1036
f 343 1036 1038
s 0
f 347 1688 1687
s 1
f 347 1687 1689
f 351 1040 1039
f 351 1039 1041
s 0
f 355 1691 1690
f 355 1690 1692
s 1
f 359 2185 1042
f 359 1042 1044
f 363 1693 1045
f 363 1045 1520
s 0
f 50 1865 1864
f 50 1864 1790
f 367 1047 2074
f 317 2186 2074
f 369 1377 1376
f 369 1376 1378
f 373 2076 1215
f 368 2187 1215
f 375 1050 1049
f 375 1049 1051
f 765 2188 791
f 373 2077 2076
f 381 2080 2079
s 1
f 381 2079 2081
f 385 1381 1380
f 385 1380 1382
f 389 1867 1697
f 389 1697 2082
f 278 1524 1523
s 0
f 278 1523 1520
s 1
f 391 1054 1053
f 391 1053 1055
s 0
f 52 845 844
f 52 844 1789
f 314 1369 1525
f 314 1525 1526
f 51 2085 2084
s 1
f 51 2084 1986
s 0
f 399 1057 1056
f 399 1056 1058
f 403 1702 1701
f 403 1701 1703
f 407 1060 1059
f 407 1059 1061
f 411 1704 1870
f 411 1870 1705
f 413 2088 2087
f 413 2087 2089
f 417 1387 2090
f 417 2090 1872
s 1
f 7 1788 1873
f 7 1873 1850
s 0
f 420 1875 1874
f 420 1874 1876
s 1
f 297 1388 1389
f 297 1389 1221
f 59 1987 2093
f 59 2093 2094
s 0
f 426 1528 1527
f 426 1527 1529
f 430 849 1530
f 430 1530 1391
f 432 1224 1223
f 432 1223 1225
s 1
f 53 969 1064
f 53 1064 1065
s 0
f 436 1879 1878
f 436 1878 1880
f 406 2086 851
f 406 851 852
f 440 1227 1226
f 440 1226 1228
s 1
f 412 1704 1881
f 412 1881 1882
f 2 771 1066
f 2 1066 999
f 68 1792 854
f 68 854 822
f 446 1396 855
f 446 855 1229
f 84 1231 1230
f 84 1230 1229
f 450 2097 1534
f 450 1534 1398
f 446 1397 1399
f 446 1399 1398
f 449 1886 1885
f 449 1885 1884
f 448 1712 1711
f 448 1711 1710
f 453 1235 1234
f 453 1234 1232
f 455 1537 1536
f 455 1536 1233
f 456 1716 1715
f 456 1715 1713
f 458 2100 2099
f 458 2099 1714
f 459 860 859
f 459 859 857
f 461 1888 1236
f 461 1236 858
f 462 1401 863
f 462 863 861
f 73 1624 1890
f 73 1890 1889
f 464 1719 1718
f 464 1718 1720
f 136 1722 1721
f 136 1721 1320
f 463 1538 866
f 463 866 864
f 72 1724 1723
f 72 1723 1717
f 465 1893 1892
f 465 1892 1725
f 464 1727 1726
f 464 1726 1719
f 468 1071 1070
f 468 1070 1068
f 470 1405 1404
f 470 1404 867
f 471 1540 1539
f 471 1539 1403
f 472 1730 1729
f 472 1729 1069
f 473 1895 1894
f 473 1894 1728
f 464 1731 1074
f 464 1074 1727
f 473 1076 870
f 473 870 1895
f 481 1896 2104
f 481 2104 1075
f 482 2107 2106
f 482 2106 2105
f 483 874 873
f 483 873 872
f 79 1625 1732
f 79 1732 1733
s 0
f 490 876 875
f 490 875 877
s 1
f 494 2111 2110
f 494 2110 2112
f 498 1406 1080
f 498 1080 1407
f 494 2112 2113
f 494 2113 2114
f 502 1898 879
f 502 879 2115
f 504 1084 1083
f 504 1083 1085
f 465 1725 1899
f 465 1899 1891
f 137 1901 1900
f 137 1900 1243
f 508 883 882
f 508 882 2117
f 482 2119 2118
f 482 2118 2120
f 509 1735 1086
f 509 1086 884
f 481 1903 1902
f 481 1902 1896
f 464 1720 1736
f 464 1736 1731
f 135 1543 1542
f 135 1542 1474
f 508 2117 1245
f 508 1245 1087
f 87 1738 1737
f 87 1737 1310
f 510 2122 2121
f 510 2121 1544
f 511 887 886
f 511 886 885
f 513 1248 1247
f 513 1247 1246
f 515 1548 1547
f 515 1547 1546
f 517 1906 1905
f 517 1905 1904
f 521 1249 1089
f 521 1089 889
f 522 1249 1410
f 522 1410 1091
f 94 1545 1549
f 94 1549 1993
f 512 1088 1094
f 512 1094 1093
f 514 1409 1412
f 514 1412 1411
f 516 1739 1742
f 516 1742 1741
f 518 2123 2127
f 518 2127 2125
f 88 1312 1908
f 88 1908 1909
f 529 891 1251
f 529 1251 1252
f 531 1413 1550
f 531 1550 1551
f 532 1745 1744
f 532 1744 1743
f 534 2130 2129
f 534 2129 2128
f 536 1097 1415
f 536 1415 1096
f 90 1992 894
f 90 894 892
f 530 1746 1911
f 530 1911 1414
f 532 1912 2131
f 532 2131 1745
f 526 2126 2133
f 526 2133 2132
f 527 890 1098
f 527 1098 895
f 528 1100 1253
f 528 1253 1099
f 455 1552 1417
f 455 1417 1537
f 448 1748 1747
f 448 1747 1712
f 84 971 1255
f 84 1255 1231
f 138 2135 2134
f 138 2134 2003
f 528 1095 1421
f 528 1421 1100
f 137 1243 1913
f 137 1913 1798
f 93 1160 1422
f 93 1422 1419
f 541 1915 1914
f 541 1914 1916
f 545 1917 1102
f 545 1102 1256
f 547 1257 1423
f 547 1423 1554
f 548 1749 1918
f 548 1918 1554
f 550 2138 2137
f 550 2137 2139
s 0
f 554 2140 1921
f 554 1921 1425
f 270 1556 1555
f 270 1555 1841
s 1
f 272 898 1923
f 272 1923 1843
s 0
f 558 1106 1105
s 1
f 558 1105 1107
f 97 1795 2142
f 97 2142 2143
f 563 1926 1925
f 563 1925 1927
f 566 2145 1259
f 566 1259 1108
f 568 1428 1427
f 568 1427 1429
f 571 1929 1928
f 571 1928 1931
f 550 2148 2147
f 550 2147 2138
f 567 1261 1932
f 567 1932 1108
f 566 900 1110
f 566 1110 2145
f 571 1931 1933
f 571 1933 1429
f 571 1750 2149
f 571 2149 1929
f 460 862 2151
f 460 2151 1111
f 457 1887 1934
f 457 2189 1935
f 454 1400 1431
f 454 2190 1432
f 452 1067 1113
f 452 2191 905
f 450 2098 907
f 450 2192 1263
f 104 869 908
f 104 908 781
f 109 868 2154
f 109 2154 784
f 113 865 1266
f 113 1266 785
s 0
f 593 1562 1561
f 593 1561 1563
f 597 910 909
f 597 909 911
f 601 1565 1564
f 601 1564 1566
f 605 913 912
f 605 912 914
s 1
f 609 1568 1567
f 609 1567 1569
s 0
f 613 916 915
f 613 915 917
s 1
f 617 1571 1570
f 617 1570 1572
f 621 919 918
f 621 918 920
s 0
f 625 1574 1573
f 625 1573 1575
s 1
f 629 922 921
f 629 921 923
s 0
f 633 1577 1576
f 633 1576 1578
s 1
f 637 925 924
f 637 924 926
s 0
f 641 1580 1579
f 641 1579 1581
s 1
f 645 928 927
f 645 2193 929
f 560 1434 1433
f 560 1433 1426
s 0
f 122 2000 2155
f 122 2155 2156
f 601 1585 1584
f 601 2194 1565
f 656 1275 1274
f 656 1274 1276
f 654 932 931
f 654 2195 930
f 662 934 933
f 662 933 935
f 661 1944 2157
f 666 2196 2157
f 668 1947 1946
f 668 1946 1948
s 1
f 672 1279 1278
f 672 1278 1280
s 0
f 676 1949 1281
f 676 1281 1759
f 561 1583 1589
s 1
f 561 1589 1590
f 678 938 937
f 678 937 939
s 0
f 123 2001 940
f 123 940 941
f 600 1438 1437
f 600 1437 911
s 1
f 124 787 1126
f 124 1126 1127
s 0
f 686 945 944
f 686 944 946
f 690 1593 1592
f 690 1592 1594
f 694 948 947
f 694 947 949
f 682 1596 1595
f 682 1595 1591
f 700 1953 1952
f 700 1952 1954
f 595 1956 1955
f 595 1955 1936
s 1
f 706 1957 1287
f 706 1287 951
s 0
f 707 1764 1763
f 707 1763 1765
s 1
f 126 1440 1439
f 126 1439 1319
f 711 1130 952
f 711 952 1131
s 0
f 713 1442 1441
f 713 1441 1443
f 704 1289 1288
f 704 1288 1286
f 719 1133 1132
f 719 1132 1134
s 1
f 129 1446 1291
f 129 1291 1796
s 0
f 723 1768 1767
f 723 1767 1769
f 717 1600 2166
f 717 2166 2164
f 727 1136 1135
f 727 1135 1137
s 1
f 712 1770 1601
f 712 1601 1131
f 73 1901 1960
f 73 1960 1469
f 140 1092 1138
f 140 1138 790
f 144 1800 1294
f 144 1294 1519
f 299 1605 1771
f 299 1771 1961
s 0
f 734 1449 1448
f 734 1448 1450
s 1
f 736 1775 1774
s 0
f 736 1774 1773
s 1
f 145 2059 2169
f 145 2169 2004
f 148 1560 1451
f 148 1451 1167
f 586 2170 1139
f 586 1139 1776
s 0
f 741 1297 1296
f 741 1296 1298
s 1
f 745 1963 1608
s 0
f 745 1608 1454
s 1
f 150 1323 1610
f 150 1610 1559
f 751 1965 1964
f 751 1964 1966
f 751 1966 1967
f 751 1967 1968
f 153 1803 2172
f 153 2172 2173
f 757 960 2174
f 757 2174 959
f 272 1971 1970
f 272 1970 898
f 761 1301 1972
f 761 1972 1611
s 0
f 156 1779 1778
f 577 1780 1168
f 577 1458 1143
f 156 1145 1974
f 156 1144 1145
f 577 1143 1780
f 577 1457 1458
s 1
f 162 2176 795
f 38 2176 2177
f 38 2177 1984
f 30 1975 1465
f 761 1975 2178
f 153 1976 1632
f 107 1303 1263
f 451 1303 962
f 768 1304 1460
f 760 1148 961
f 99 1148 1149
f 99 1149 1150
f 167 1852 2181
f 164 1368 2182
f 163 1853 2183
f 161 2061 2184
f 359 1043 2185
s 0
f 317 1858 2186
f 368 1047 2187
f 765 2078 2188
s 1
f 457 1934 2189
f 454 1431 2190
f 452 1113 2191
f 450 907 2192
f 645 927 2193
s 0
f 601 1584 2194
f 654 931 2195
f 666 1587 2196
f 2196 2158 764
f 2196 1587 2158
f 1587 667 2158
f 2195 1123 581
f 2195 931 1123
f 931 661 1123
f 2194 1758 305
f 2194 1584 1758
f 1584 655 1758
s 1
f 2193 1476 580
f 2193 927 1476
f 927 647 1476
f 2192 1142 33
f 2192 907 1142
f 907 106 1142
f 2191 906 294
f 2191 1113 906
f 1113 589 906
f 2190 1805 306
f 2190 1431 1805
f 1431 588 1805
f 2189 1170 295
f 2189 1934 1170
f 1934 587 1170
s 0
f 2188 1695 380
f 2188 2078 1695
f 2078 379 1695
f 2187 980 592
f 2187 1047 980
f 1047 367 980
f 2186 794 591
f 2186 1858 794
f 1858 316 794
s 1
f 2185 2005 582
f 2185 1043 2005
f 1043 360 2005
f 2184 1784 304
f 2184 2061 1784
f 2061 38 1784
f 2183 1325 205
f 2183 1853 1325
f 1853 37 1325
f 2182 841 296
f 2182 1368 841
f 1368 302 841
f 2181 2060 584
f 2181 1852 2060
f 1852 301 2060
f 1150 1998 117
f 1150 1149 1998
f 1149 115 1998
f 1149 2180 115
f 1149 1148 2180
f 1148 760 2180
f 961 780 98
f 961 1148 780
f 1148 99 780
f 1460 1161 108
f 1460 1304 1161
f 1304 107 1161
f 962 1304 768
f 962 1303 1304
f 1303 107 1304
f 1263 2097 450
f 1263 1303 2097
f 1303 451 2097
f 1632 1977 151
f 1632 1976 1977
f 1976 30 1977
f 2178 1976 153
f 2178 1975 1976
f 1975 30 1976
f 1465 1611 28
f 1465 1975 1611
f 1975 761 1611
f 1984 1147 39
f 1984 2177 1147
f 2177 766 1147
f 2177 1146 766
f 2177 2176 1146
f 2176 162 1146
f 795 2061 161
f 795 2176 2061
f 2176 38 2061
s 0
f 1458 1302 579
f 1458 1457 1302
f 1457 667 1302
f 1780 1974 653
f 1780 1143 1974
f 1143 156 1974
f 1145 792 351
f 1145 1144 792
f 1144 578 792
f 1974 1153 653
f 1974 1145 1153
f 1145 351 1153
f 1143 1779 156
f 1143 1458 1779
f 1458 579 1779
f 1168 978 379
f 1168 1780 978
f 1780 653 978
f 1778 1324 637
f 1778 1779 1324
f 1779 579 1324
s 1
f 1611 1513 28
f 1611 1972 1513
f 1972 272 1513
f 1972 1971 272
f 1972 1301 1971
f 1301 759 1971
f 898 961 98
f 898 1970 961
f 1970 760 961
f 1970 1300 760
f 1970 1971 1300
f 1971 759 1300
f 959 2175 758
f 959 2174 2175
f 2174 115 2175
f 2174 1999 115
f 2174 960 1999
f 960 116 1999
f 2173 959 758
f 2173 2172 959
f 2172 757 959
f 2172 1969 757
f 2172 1803 1969
f 1803 152 1969
f 1968 1299 756
f 1968 1967 1299
f 1967 755 1299
f 1967 1141 755
f 1967 1966 1141
f 1966 754 1141
f 1966 958 754
f 1966 1964 958
f 1964 753 958
f 1964 2171 753
f 1964 1965 2171
f 1965 752 2171
f 1559 2170 586
f 1559 1610 2170
f 1610 740 2170
f 1610 1455 740
f 1610 1323 1455
f 1323 149 1455
s 0
f 1454 1453 742
f 1454 1608 1453
f 1608 743 1453
s 1
f 1608 1609 743
f 1608 1963 1609
f 1963 746 1609
s 0
f 1298 1607 744
f 1298 1296 1607
f 1296 743 1607
f 1296 1453 743
f 1296 1297 1453
f 1297 742 1453
s 1
f 1776 1631 128
f 1776 1139 1631
f 1139 147 1631
f 1139 1140 147
f 1139 2170 1140
f 2170 740 1140
f 1167 1452 149
f 1167 1451 1452
f 1451 118 1452
f 1451 1317 118
f 1451 1560 1317
f 1560 119 1317
f 2004 956 146
f 2004 2169 956
f 2169 733 956
f 2169 1961 733
f 2169 2059 1961
f 2059 299 1961
s 0
f 1773 1962 737
f 1773 1774 1962
f 1774 739 1962
s 1
f 1774 2168 739
f 1774 1775 2168
f 1775 738 2168
s 0
f 1450 1773 737
f 1450 1448 1773
f 1448 736 1773
f 1448 1606 736
f 1448 1449 1606
f 1449 735 1606
s 1
f 1961 1772 733
f 1961 1771 1772
f 1771 143 1772
f 1771 1475 143
f 1771 1605 1475
f 1605 56 1475
f 1519 1154 48
f 1519 1294 1154
f 1294 46 1154
f 1294 1295 46
f 1294 1800 1295
f 1800 146 1295
f 790 954 139
f 790 1138 954
f 1138 731 954
f 1138 1604 731
f 1138 1092 1604
f 1092 523 1604
f 1469 1603 71
f 1469 1960 1603
f 1960 139 1603
f 1960 1797 139
f 1960 1901 1797
f 1901 137 1797
f 1131 1602 711
f 1131 1601 1602
f 1601 698 1602
f 1601 1597 698
f 1601 1770 1597
f 1770 699 1597
s 0
f 1137 1447 730
f 1137 1135 1447
f 1135 729 1447
f 1135 1293 729
f 1135 1136 1293
f 1136 728 1293
f 2164 2167 718
f 2164 2166 2167
f 2166 693 2167
f 2166 1594 693
f 2166 1600 1594
f 1600 690 1594
f 1769 2165 726
f 1769 1767 2165
f 1767 725 2165
f 1767 1959 725
f 1767 1768 1959
f 1768 724 1959
s 1
f 1796 1292 130
f 1796 1291 1292
f 1291 125 1292
f 1291 1164 125
f 1291 1446 1164
f 1446 126 1164
s 0
f 1134 1445 722
f 1134 1132 1445
f 1132 721 1445
f 1132 1290 721
f 1132 1133 1290
f 1133 720 1290
f 1286 1444 705
f 1286 1288 1444
f 1288 718 1444
f 1288 2164 718
f 1288 1289 2164
f 1289 717 2164
f 1443 1766 716
f 1443 1441 1766
f 1441 715 1766
f 1441 1599 715
f 1441 1442 1599
f 1442 714 1599
s 1
f 1131 953 712
f 1131 952 953
f 952 131 953
f 952 789 131
f 952 1130 789
f 1130 132 789
f 1319 1598 127
f 1319 1439 1598
f 1439 583 1598
f 1439 951 583
f 1439 1440 951
f 1440 706 951
s 0
f 1765 2163 710
f 1765 1763 2163
f 1763 709 2163
f 1763 1958 709
f 1763 1764 1958
f 1764 708 1958
s 1
f 951 1262 583
f 951 1287 1262
f 1287 77 1262
f 1287 1162 77
f 1287 1957 1162
f 1957 121 1162
s 0
f 1936 2162 596
f 1936 1955 2162
f 1955 705 2162
f 1955 1286 705
f 1955 1956 1286
f 1956 704 1286
f 1954 950 703
f 1954 1952 950
f 1952 702 950
f 1952 2161 702
f 1952 1953 2161
f 1953 701 2161
f 1591 1762 683
f 1591 1595 1762
f 1595 699 1762
f 1595 1597 699
f 1595 1596 1597
f 1596 698 1597
f 949 1285 697
f 949 947 1285
f 947 696 1285
f 947 1129 696
f 947 948 1129
f 948 695 1129
f 1594 1951 693
f 1594 1592 1951
f 1592 692 1951
f 1592 1761 692
f 1592 1593 1761
f 1593 691 1761
f 946 1284 689
f 946 944 1284
f 944 688 1284
f 944 1128 688
f 944 945 1128
f 945 687 1128
s 1
f 1127 1438 600
f 1127 1126 1438
f 1126 684 1438
f 1126 943 684
f 1126 787 943
f 787 123 943
s 0
f 911 942 597
f 911 1437 942
f 1437 685 942
f 1437 1950 685
f 1437 1438 1950
f 1438 684 1950
f 941 1591 683
f 941 940 1591
f 940 682 1591
f 940 2160 682
f 940 2001 2160
f 2001 122 2160
s 1
f 939 1283 681
f 939 937 1283
f 937 680 1283
f 937 1125 680
f 937 938 1125
f 938 679 1125
f 1590 1949 676
f 1590 1589 1949
f 1589 677 1949
s 0
f 1589 1760 677
f 1589 1583 1760
f 1583 650 1760
f 1759 1280 675
f 1759 1281 1280
f 1281 672 1280
f 1281 1282 672
f 1281 1949 1282
f 1949 677 1282
s 1
f 1280 1588 675
f 1280 1278 1588
f 1278 674 1588
f 1278 1436 674
f 1278 1279 1436
f 1279 673 1436
s 0
f 1948 936 671
f 1948 1946 936
f 1946 670 936
f 1946 2159 670
f 1946 1947 2159
f 1947 669 2159
f 2157 1804 661
f 2157 2196 1804
f 2196 764 1804
f 2157 1945 666
f 2157 1944 1945
f 1944 660 1945
f 935 1277 665
f 935 933 1277
f 933 664 1277
f 933 1124 664
f 933 934 1124
f 934 663 1124
f 930 979 655
f 930 2195 979
f 2195 581 979
f 931 1944 661
f 931 932 1944
f 932 660 1944
f 1276 1586 659
f 1276 1274 1586
f 1274 658 1586
f 1274 1435 658
f 1274 1275 1435
f 1275 657 1435
f 1565 1973 602
f 1565 2194 1973
f 2194 305 1973
f 1584 930 655
f 1584 1585 930
f 1585 654 930
f 2156 1943 652
f 2156 2155 1943
f 2155 651 1943
f 2155 1122 651
f 2155 2000 1122
f 2000 124 1122
s 1
f 1426 1583 561
f 1426 1433 1583
f 1433 650 1583
f 1433 1582 650
f 1433 1434 1582
f 1434 649 1582
f 929 1273 648
f 929 2193 1273
f 2193 580 1273
f 927 1121 647
f 927 928 1121
f 928 646 1121
s 0
f 1581 1942 644
f 1581 1579 1942
f 1579 643 1942
f 1579 1757 643
f 1579 1580 1757
f 1580 642 1757
s 1
f 926 1272 640
f 926 924 1272
f 924 639 1272
f 924 1120 639
f 924 925 1120
f 925 638 1120
s 0
f 1578 1941 636
f 1578 1576 1941
f 1576 635 1941
f 1576 1756 635
f 1576 1577 1756
f 1577 634 1756
s 1
f 923 1271 632
f 923 921 1271
f 921 631 1271
f 921 1119 631
f 921 922 1119
f 922 630 1119
s 0
f 1575 1940 628
f 1575 1573 1940
f 1573 627 1940
f 1573 1755 627
f 1573 1574 1755
f 1574 626 1755
s 1
f 920 1270 624
f 920 918 1270
f 918 623 1270
f 918 1118 623
f 918 919 1118
f 919 622 1118
f 1572 1939 620
f 1572 1570 1939
f 1570 619 1939
f 1570 1754 619
f 1570 1571 1754
f 1571 618 1754
s 0
f 917 1269 616
f 917 915 1269
f 915 615 1269
f 915 1117 615
f 915 916 1117
f 916 614 1117
s 1
f 1569 1938 612
f 1569 1567 1938
f 1567 611 1938
f 1567 1753 611
f 1567 1568 1753
f 1568 610 1753
s 0
f 914 1268 608
f 914 912 1268
f 912 607 1268
f 912 1116 607
f 912 913 1116
f 913 606 1116
f 1566 1937 604
f 1566 1564 1937
f 1564 603 1937
f 1564 1752 603
f 1564 1565 1752
f 1565 602 1752
f 911 1267 600
f 911 909 1267
f 909 599 1267
f 909 1115 599
f 909 910 1115
f 910 598 1115
f 1563 1936 596
f 1563 1561 1936
f 1561 595 1936
f 1561 1751 595
f 1561 1562 1751
f 1562 594 1751
s 1
f 785 1264 114
f 785 1266 1264
f 1266 111 1264
f 1266 783 111
f 1266 865 783
f 865 109 783
f 784 2153 110
f 784 2154 2153
f 2154 103 2153
f 2154 1995 103
f 2154 868 1995
f 868 104 1995
f 781 1114 105
f 781 908 1114
f 908 590 1114
f 908 1265 590
f 908 869 1265
f 869 477 1265
f 1263 782 107
f 1263 2192 782
f 2192 33 782
f 907 905 106
f 907 2098 905
f 2098 452 905
f 905 1169 106
f 905 2191 1169
f 2191 294 1169
f 1113 1432 589
f 1113 1067 1432
f 1067 454 1432
f 1432 1112 589
f 1432 2190 1112
f 2190 306 1112
f 1431 1935 588
f 1431 1400 1935
f 1400 457 1935
f 1935 904 588
f 1935 2189 904
f 2189 295 904
f 1934 1111 587
f 1934 1887 1111
f 1887 460 1111
f 1111 2152 587
f 1111 2151 2152
f 2151 112 2152
f 2151 1997 112
f 2151 862 1997
f 862 113 1997
f 1929 1926 563
f 1929 2149 1926
f 2149 564 1926
f 2149 2150 564
f 2149 1750 2150
f 1750 570 2150
f 1429 1430 568
f 1429 1933 1430
f 1933 576 1430
f 1933 903 576
f 1933 1931 903
f 1931 573 903
f 2145 2148 550
f 2145 1110 2148
f 1110 574 2148
f 1110 902 574
f 1110 900 902
f 900 565 902
f 1108 1927 566
f 1108 1932 1927
f 1932 563 1927
f 1932 1930 563
f 1932 1261 1930
f 1261 572 1930
f 2138 901 551
f 2138 2147 901
f 2147 575 901
f 2147 1109 575
f 2147 2148 1109
f 2148 574 1109
f 1931 2146 573
f 1931 1928 2146
f 1928 572 2146
f 1928 1930 572
f 1928 1929 1930
f 1929 563 1930
f 1429 1750 571
f 1429 1427 1750
f 1427 570 1750
f 1427 1558 570
f 1427 1428 1558
f 1428 569 1558
f 1108 1260 567
f 1108 1259 1260
f 1259 553 1260
f 1259 2139 553
f 1259 2145 2139
f 2145 550 2139
f 1927 900 566
f 1927 1925 900
f 1925 565 900
f 1925 2144 565
f 1925 1926 2144
f 1926 564 2144
f 2143 1924 562
f 2143 2142 1924
f 2142 549 1924
f 2142 1919 549
f 2142 1795 1919
f 1795 96 1919
f 1107 1426 561
f 1107 1105 1426
f 1105 560 1426
s 0
f 1105 1258 560
f 1105 1106 1258
f 1106 559 1258
s 1
f 1843 2141 273
f 1843 1923 2141
f 1923 557 2141
f 1923 899 557
f 1923 898 899
f 898 98 899
s 0
f 1841 1922 268
f 1841 1555 1922
f 1555 555 1922
f 1555 1557 555
f 1555 1556 1557
f 1556 556 1557
f 1425 1922 555
f 1425 1921 1922
f 1921 268 1922
f 1921 1840 268
f 1921 2140 1840
f 2140 269 1840
s 1
f 2139 1104 553
f 2139 2137 1104
f 2137 552 1104
f 2137 897 552
f 2137 2138 897
f 2138 551 897
f 1554 1920 547
f 1554 1918 1920
f 1918 96 1920
f 1918 1919 96
f 1918 1749 1919
f 1749 549 1919
f 1554 1424 548
f 1554 1423 1424
f 1423 546 1424
f 1423 1256 546
f 1423 1257 1256
f 1257 545 1256
f 1256 1103 546
f 1256 1102 1103
f 1102 544 1103
f 1102 1916 544
f 1102 1917 1916
f 1917 541 1916
f 1916 896 544
f 1916 1914 896
f 1914 543 896
f 1914 2136 543
f 1914 1915 2136
f 1915 542 2136
f 1419 2100 458
f 1419 1422 2100
f 1422 461 2100
f 1422 1244 461
f 1422 1160 1244
f 1160 92 1244
f 1798 2135 138
f 1798 1913 2135
f 1913 538 2135
f 1913 1254 538
f 1913 1243 1254
f 1243 92 1254
f 1100 1420 538
f 1100 1421 1420
f 1421 522 1420
f 1421 1090 522
f 1421 1095 1090
f 1095 520 1090
f 2003 1091 140
f 2003 2134 1091
f 2134 522 1091
f 2134 1420 522
f 2134 2135 1420
f 2135 538 1420
f 1231 1748 448
f 1231 1255 1748
f 1255 540 1748
f 1255 1101 540
f 1255 971 1101
f 971 83 1101
f 1712 1552 455
f 1712 1747 1552
f 1747 539 1552
f 1747 1553 539
f 1747 1748 1553
f 1748 540 1553
f 1537 1419 458
f 1537 1417 1419
f 1417 93 1419
f 1417 1418 93
f 1417 1552 1418
f 1552 539 1418
f 1099 973 91
f 1099 1253 973
f 1253 92 973
f 1253 1254 92
f 1253 1100 1254
f 1100 538 1254
f 895 1097 536
f 895 1098 1097
f 1098 91 1097
f 1098 1099 91
f 1098 890 1099
f 890 528 1099
f 2132 2130 534
f 2132 2133 2130
f 2133 536 2130
f 2133 895 536
f 2133 2126 895
f 2126 527 895
f 1745 2132 534
f 1745 2131 2132
f 2131 526 2132
f 2131 1907 526
f 2131 1912 1907
f 1912 525 1907
f 1414 1912 532
f 1414 1911 1912
f 1911 525 1912
f 1911 1740 525
f 1911 1746 1740
f 1746 524 1740
f 892 1746 530
f 892 894 1746
f 894 524 1746
f 894 2124 524
f 894 1992 2124
f 1992 89 2124
f 1096 1416 537
f 1096 1415 1416
f 1415 93 1416
f 1415 972 93
f 1415 1097 972
f 1097 91 972
f 2128 893 535
f 2128 2129 893
f 2129 537 893
f 2129 1096 537
f 2129 2130 1096
f 2130 536 1096
f 1743 1910 533
f 1743 1744 1910
f 1744 535 1910
f 1744 2128 535
f 1744 1745 2128
f 1745 534 2128
f 1551 1743 533
f 1551 1550 1743
f 1550 532 1743
f 1550 1414 532
f 1550 1413 1414
f 1413 530 1414
f 1252 1413 531
f 1252 1251 1413
f 1251 530 1413
f 1251 892 530
f 1251 891 892
f 891 90 892
f 1909 891 529
f 1909 1908 891
f 1908 90 891
f 1908 1313 90
f 1908 1312 1313
f 1312 85 1313
f 2125 890 527
f 2125 2127 890
f 2127 528 890
f 2127 1095 528
f 2127 2123 1095
f 2123 520 1095
f 1741 2126 526
f 1741 1742 2126
f 1742 527 2126
f 1742 2125 527
f 1742 1739 2125
f 1739 518 2125
f 1411 1907 525
f 1411 1412 1907
f 1412 526 1907
f 1412 1741 526
f 1412 1409 1741
f 1409 516 1741
f 1093 1740 524
f 1093 1094 1740
f 1094 525 1740
f 1094 1411 525
f 1094 1088 1411
f 1088 514 1411
f 1993 2124 89
f 1993 1549 2124
f 1549 524 2124
f 1549 1093 524
f 1549 1545 1093
f 1545 512 1093
f 1091 1092 140
f 1091 1410 1092
f 1410 523 1092
f 1410 1250 523
f 1410 1249 1250
f 1249 521 1250
f 889 888 519
f 889 1089 888
f 1089 520 888
f 1089 1090 520
f 1089 1249 1090
f 1249 522 1090
f 1904 2123 518
f 1904 1905 2123
f 1905 520 2123
f 1905 888 520
f 1905 1906 888
f 1906 519 888
f 1546 1739 516
f 1546 1547 1739
f 1547 518 1739
f 1547 1904 518
f 1547 1548 1904
f 1548 517 1904
f 1246 1409 514
f 1246 1247 1409
f 1247 516 1409
f 1247 1546 516
f 1247 1248 1546
f 1248 515 1546
f 885 1088 512
f 885 886 1088
f 886 514 1088
f 886 1246 514
f 886 887 1246
f 887 513 1246
f 1544 1545 94
f 1544 2121 1545
f 2121 512 1545
f 2121 885 512
f 2121 2122 885
f 2122 511 885
f 1310 1315 85
f 1310 1737 1315
f 1737 94 1315
f 1737 1544 94
f 1737 1738 1544
f 1738 510 1544
f 1087 1084 504
f 1087 1245 1084
f 1245 505 1084
f 1245 2116 505
f 1245 2117 2116
f 2117 466 2116
f 1474 1734 136
f 1474 1542 1734
f 1542 505 1734
f 1542 1242 505
f 1542 1543 1242
f 1543 506 1242
f 1731 1903 481
f 1731 1736 1903
f 1736 501 1903
f 1736 880 501
f 1736 1720 880
f 1720 467 880
f 1896 2119 482
f 1896 1902 2119
f 1902 497 2119
f 1902 1241 497
f 1902 1903 1241
f 1903 501 1241
f 884 878 495
f 884 1086 878
f 1086 496 878
f 1086 1082 496
f 1086 1735 1082
f 1735 500 1082
f 2120 1081 499
f 2120 2118 1081
f 2118 496 1081
f 2118 1079 496
f 2118 2119 1079
f 2119 497 1079
f 2117 2101 466
f 2117 882 2101
f 882 467 2101
f 882 881 467
f 882 883 881
f 883 503 881
f 1243 1244 92
f 1243 1900 1244
f 1900 461 1244
f 1900 1888 461
f 1900 1901 1888
f 1901 73 1888
f 1891 2116 466
f 1891 1899 2116
f 1899 505 2116
f 1899 1734 505
f 1899 1725 1734
f 1725 136 1734
f 1085 1408 507
f 1085 1083 1408
f 1083 506 1408
f 1083 1242 506
f 1083 1084 1242
f 1084 505 1242
f 2115 881 503
f 2115 879 881
f 879 467 881
f 879 880 467
f 879 1898 880
f 1898 501 880
f 2114 1898 502
f 2114 2113 1898
f 2113 501 1898
f 2113 1241 501
f 2113 2112 1241
f 2112 497 1241
f 1407 1082 500
f 1407 1080 1082
f 1080 496 1082
f 1080 1081 496
f 1080 1406 1081
f 1406 499 1081
f 2112 1079 497
f 2112 2110 1079
f 2110 496 1079
f 2110 878 496
f 2110 2111 878
f 2111 495 878
s 0
f 877 1240 493
f 877 875 1240
f 875 492 1240
f 875 1078 492
f 875 876 1078
f 876 491 1078
s 1
f 1733 1897 489
f 1733 1732 1897
f 1732 488 1897
f 1732 2109 488
f 1732 1625 2109
f 1625 81 2109
f 872 1077 484
f 872 873 1077
f 873 486 1077
f 873 1238 486
f 873 874 1238
f 874 485 1238
f 2105 2108 74
f 2105 2106 2108
f 2106 484 2108
f 2106 872 484
f 2106 2107 872
f 2107 483 872
f 1075 1990 76
f 1075 2104 1990
f 2104 74 1990
f 2104 2105 74
f 2104 1896 2105
f 1896 482 2105
f 1895 871 480
f 1895 870 871
f 870 75 871
f 870 776 75
f 870 1076 776
f 1076 76 776
f 1727 1076 473
f 1727 1074 1076
f 1074 76 1076
f 1074 1075 76
f 1074 1731 1075
f 1731 481 1075
f 1728 1730 472
f 1728 1894 1730
f 1894 479 1730
f 1894 1541 479
f 1894 1895 1541
f 1895 480 1541
f 1069 1071 468
f 1069 1729 1071
f 1729 474 1071
f 1729 2103 474
f 1729 1730 2103
f 1730 479 2103
f 1403 1405 470
f 1403 1539 1405
f 1539 476 1405
f 1539 1073 476
f 1539 1540 1073
f 1540 478 1073
f 867 869 104
f 867 1404 869
f 1404 477 869
f 1404 1072 477
f 1404 1405 1072
f 1405 476 1072
f 1068 1237 469
f 1068 1070 1237
f 1070 475 1237
f 1070 2102 475
f 1070 1071 2102
f 1071 474 2102
f 1719 1893 465
f 1719 1726 1893
f 1726 472 1893
f 1726 1728 472
f 1726 1727 1728
f 1727 473 1728
f 1725 1722 136
f 1725 1892 1722
f 1892 468 1722
f 1892 1069 468
f 1892 1893 1069
f 1893 472 1069
f 1717 1538 463
f 1717 1723 1538
f 1723 470 1538
f 1723 1403 470
f 1723 1724 1403
f 1724 471 1403
f 864 868 109
f 864 866 868
f 866 104 868
f 866 867 104
f 866 1538 867
f 1538 470 867
f 1320 1402 134
f 1320 1721 1402
f 1721 469 1402
f 1721 1068 469
f 1721 1722 1068
f 1722 468 1068
f 1720 2101 467
f 1720 1718 2101
f 1718 466 2101
f 1718 1891 466
f 1718 1719 1891
f 1719 465 1891
f 1889 1401 462
f 1889 1890 1401
f 1890 463 1401
f 1890 1717 463
f 1890 1624 1717
f 1624 72 1717
f 861 865 113
f 861 863 865
f 863 109 865
f 863 864 109
f 863 1401 864
f 1401 463 864
f 858 860 459
f 858 1236 860
f 1236 462 860
f 1236 1889 462
f 1236 1888 1889
f 1888 73 1889
f 857 862 460
f 857 859 862
f 859 113 862
f 859 861 113
f 859 860 861
f 860 462 861
f 1714 1716 456
f 1714 2099 1716
f 2099 459 1716
f 2099 858 459
f 2099 2100 858
f 2100 461 858
f 1713 1887 457
f 1713 1715 1887
f 1715 460 1887
f 1715 857 460
f 1715 1716 857
f 1716 459 857
f 1233 1235 453
f 1233 1536 1235
f 1536 456 1235
f 1536 1714 456
f 1536 1537 1714
f 1537 458 1714
f 1232 1400 454
f 1232 1234 1400
f 1234 457 1400
f 1234 1713 457
f 1234 1235 1713
f 1235 456 1713
f 1710 1886 449
f 1710 1711 1886
f 1711 453 1886
f 1711 1233 453
f 1711 1712 1233
f 1712 455 1233
f 1884 1067 452
f 1884 1885 1067
f 1885 454 1067
f 1885 1232 454
f 1885 1886 1232
f 1886 453 1232
f 1398 2098 450
f 1398 1399 2098
f 1399 452 2098
f 1399 1884 452
f 1399 1397 1884
f 1397 449 1884
f 1398 1396 446
f 1398 1534 1396
f 1534 447 1396
f 1534 1535 447
f 1534 2097 1535
f 2097 451 1535
f 1229 1397 446
f 1229 1230 1397
f 1230 449 1397
f 1230 1710 449
f 1230 1231 1710
f 1231 448 1710
f 1229 777 84
f 1229 855 777
f 855 82 777
f 855 856 82
f 855 1396 856
f 1396 447 856
f 822 1709 235
f 822 854 1709
f 854 444 1709
f 854 1883 444
f 854 1792 1883
f 1792 66 1883
f 999 1622 65
f 999 1066 1622
f 1066 66 1622
f 1066 853 66
f 1066 771 853
f 771 1 853
f 1882 1222 424
f 1882 1881 1222
f 1881 425 1222
f 1881 1708 425
f 1881 1704 1708
f 1704 411 1708
s 0
f 1228 1533 443
f 1228 1226 1533
f 1226 442 1533
f 1226 1394 442
f 1226 1227 1394
f 1227 441 1394
f 852 849 430
f 852 851 849
f 851 431 849
f 851 2096 431
f 851 2086 2096
f 2086 405 2096
f 1880 850 439
f 1880 1878 850
f 1878 438 850
f 1878 2095 438
f 1878 1879 2095
f 1879 437 2095
s 1
f 1065 1620 57
f 1065 1064 1620
f 1064 58 1620
f 1064 1393 58
f 1064 969 1393
f 969 55 1393
s 0
f 1225 1532 435
f 1225 1223 1532
f 1223 434 1532
f 1223 1392 434
f 1223 1224 1392
f 1224 433 1392
f 1391 1387 417
f 1391 1530 1387
f 1530 418 1387
f 1530 1531 418
f 1530 849 1531
f 849 431 1531
f 1529 1877 429
f 1529 1527 1877
f 1527 428 1877
f 1527 1707 428
f 1527 1528 1707
f 1528 427 1707
s 1
f 2094 1222 425
f 2094 2093 1222
f 2093 424 1222
f 2093 1063 424
f 2093 1987 1063
f 1987 61 1063
f 1221 1156 54
f 1221 1389 1156
f 1389 55 1156
f 1389 1390 55
f 1389 1388 1390
f 1388 419 1390
s 0
f 1876 848 423
f 1876 1874 848
f 1874 422 848
f 1874 2092 422
f 1874 1875 2092
f 1875 421 2092
s 1
f 1850 1388 297
f 1850 1873 1388
f 1873 419 1388
f 1873 1706 419
f 1873 1788 1706
f 1788 49 1706
s 0
f 1872 1857 308
f 1872 2090 1857
f 2090 309 1857
f 2090 2091 309
f 2090 1387 2091
f 1387 418 2091
f 2089 1062 416
f 2089 2087 1062
f 2087 415 1062
f 2087 847 415
f 2087 2088 847
f 2088 414 847
f 1705 1700 395
f 1705 1870 1700
f 1870 396 1700
f 1870 1871 396
f 1870 1704 1871
f 1704 412 1871
f 1061 1386 410
f 1061 1059 1386
f 1059 409 1386
f 1059 1220 409
f 1059 1060 1220
f 1060 408 1220
f 1703 2086 406
f 1703 1701 2086
f 1701 405 2086
f 1701 1869 405
f 1701 1702 1869
f 1702 404 1869
f 1058 1385 402
f 1058 1056 1385
f 1056 401 1385
f 1056 1219 401
f 1056 1057 1219
f 1057 400 1219
s 1
f 1986 846 52
f 1986 2084 846
f 2084 398 846
s 0
f 2084 1526 398
f 2084 2085 1526
f 2085 314 1526
f 1526 2083 398
f 1526 1525 2083
f 1525 397 2083
f 1525 1384 397
f 1525 1369 1384
f 1369 313 1384
f 1789 1868 50
f 1789 844 1868
f 844 396 1868
f 844 1700 396
f 844 845 1700
f 845 395 1700
s 1
f 1055 1383 394
f 1055 1053 1383
f 1053 393 1383
f 1053 1218 393
f 1053 1054 1218
f 1054 392 1218
s 0
f 1520 1699 363
f 1520 1523 1699
f 1523 390 1699
s 1
f 1523 2082 390
f 1523 1524 2082
f 1524 389 2082
f 2082 1698 390
f 2082 1697 1698
f 1697 387 1698
f 1697 1696 387
f 1697 1867 1696
f 1867 388 1696
f 1382 1696 388
f 1382 1380 1696
f 1380 387 1696
f 1380 1522 387
f 1380 1381 1522
f 1381 386 1522
f 2081 1052 384
f 2081 2079 1052
f 2079 383 1052
s 0
f 2079 843 383
f 2079 2080 843
f 2080 382 843
f 2076 842 374
f 2076 2077 842
f 2077 380 842
f 791 2077 373
f 791 2188 2077
f 2188 380 2077
f 1051 1379 378
f 1051 1049 1379
f 1049 377 1379
f 1049 1217 377
f 1049 1050 1217
f 1050 376 1217
f 1215 1048 373
f 1215 2187 1048
f 2187 592 1048
f 1215 1216 368
f 1215 2076 1216
f 2076 374 1216
f 1378 1694 372
f 1378 1376 1694
f 1376 371 1694
f 1376 1521 371
f 1376 1377 1521
f 1377 370 1521
f 2074 1866 367
f 2074 2186 1866
f 2186 591 1866
f 2074 2075 317
f 2074 1047 2075
f 1047 368 2075
f 1790 2073 51
f 1790 1864 2073
f 1864 366 2073
f 1864 2072 366
f 1864 1865 2072
f 1865 365 2072
s 1
f 1520 1017 278
f 1520 1045 1017
f 1045 275 1017
f 1045 1046 275
f 1045 1693 1046
f 1693 364 1046
f 1044 1375 362
f 1044 1042 1375
f 1042 361 1375
f 1042 1214 361
f 1042 2185 1214
f 2185 582 1214
s 0
f 1692 2071 358
f 1692 1690 2071
f 1690 357 2071
f 1690 1863 357
f 1690 1691 1863
f 1691 356 1863
s 1
f 1041 1374 354
f 1041 1039 1374
f 1039 353 1374
f 1039 1213 353
f 1039 1040 1213
f 1040 352 1213
f 1689 2070 350
f 1689 1687 2070
f 1687 349 2070
s 0
f 1687 1862 349
f 1687 1688 1862
f 1688 348 1862
s 1
f 1038 1373 346
f 1038 1036 1373
f 1036 345 1373
f 1036 1212 345
f 1036 1037 1212
f 1037 344 1212
s 0
f 1686 2069 342
f 1686 1684 2069
f 1684 341 2069
f 1684 1861 341
f 1684 1685 1861
f 1685 340 1861
s 1
f 1035 1372 338
f 1035 1033 1372
f 1033 337 1372
f 1033 1211 337
f 1033 1034 1211
f 1034 336 1211
f 1683 2068 334
f 1683 1681 2068
f 1681 333 2068
f 1681 1860 333
f 1681 1682 1860
f 1682 332 1860
s 0
f 1032 1371 330
f 1032 1030 1371
f 1030 329 1371
f 1030 1210 329
f 1030 1031 1210
f 1031 328 1210
s 1
f 1680 2067 326
f 1680 1678 2067
f 1678 325 2067
f 1678 1859 325
f 1678 1679 1859
f 1679 324 1859
s 0
f 1029 1370 322
f 1029 1027 1370
f 1027 321 1370
f 1027 1209 321
f 1027 1028 1209
f 1028 320 1209
f 1677 2066 318
f 1677 1675 2066
f 1675 317 2066
f 1675 1858 317
f 1675 1676 1858
f 1676 316 1858
f 1026 1369 314
f 1026 1024 1369
f 1024 313 1369
f 1024 1208 313
f 1024 1025 1208
f 1025 312 1208
f 1674 2065 310
f 1674 1672 2065
f 1672 309 2065
f 1672 1857 309
f 1672 1673 1857
f 1673 308 1857
s 1
f 2062 1787 44
f 2062 2064 1787
f 2064 45 1787
f 2064 1814 45
f 2064 1786 1814
f 1786 40 1814
f 1670 1785 42
f 1670 1671 1785
f 1671 40 1785
f 1671 2016 40
f 1671 1616 2016
f 1616 36 2016
f 1856 1783 35
f 1856 2063 1783
f 2063 36 1783
f 2063 2018 36
f 2063 1207 2018
f 1207 187 2018
f 796 1853 163
f 796 1855 1853
f 1855 37 1853
f 1855 1634 37
f 1855 2184 1634
f 2184 304 1634
f 1171 1368 164
f 1171 1206 1368
f 1206 302 1368
f 1206 1854 302
f 1206 2183 1854
f 2183 205 1854
f 1327 1852 167
f 1327 1367 1852
f 1367 301 1852
f 1367 1806 301
f 1367 2182 1806
f 2182 296 1806
f 1812 1023 170
f 1812 1851 1023
f 1851 300 1023
f 1851 793 300
f 1851 2181 793
f 2181 584 793
f 2012 1618 45
f 2012 1668 1618
f 1668 43 1618
f 1668 1669 43
f 1668 1023 1669
f 1023 300 1669
f 1515 1022 287
f 1515 1021 1022
f 1021 283 1022
f 1021 1846 283
f 1021 1847 1846
f 1847 280 1846
f 1517 2058 289
f 1517 1518 2058
f 1518 293 2058
f 1518 1365 293
f 1518 1362 1365
f 1362 285 1365
f 2054 840 282
f 2054 2057 840
f 2057 292 840
f 2057 839 292
f 2057 837 839
f 837 262 839
f 1205 1848 290
f 1205 1849 1848
f 1849 280 1848
f 1849 1845 280
f 1849 2055 1845
f 2055 281 1845
f 839 1020 292
f 839 838 1020
f 838 291 1020
f 838 1364 291
f 838 835 1364
f 835 265 1364
f 1847 1848 280
f 1847 1516 1848
f 1516 290 1848
f 1516 2056 290
f 1516 1517 2056
f 1517 289 2056
f 1363 1667 288
f 1363 1361 1667
f 1361 287 1667
f 1361 1515 287
f 1361 1362 1515
f 1362 286 1515
f 837 834 262
f 837 1018 834
f 1018 263 834
f 1018 1019 263
f 1018 2055 1019
f 2055 284 1019
f 1846 836 283
f 1846 1844 836
f 1844 282 836
f 1844 2054 282
f 1844 1845 2054
f 1845 281 2054
f 1152 1359 27
f 1152 1203 1359
f 1203 261 1359
f 1203 2053 261
f 1203 1204 2053
f 1204 279 2053
f 1017 1360 278
f 1017 1015 1360
f 1015 277 1360
s 0
f 1015 1202 277
f 1015 1016 1202
f 1016 276 1202
s 1
f 1513 1514 28
f 1513 1842 1514
f 1842 274 1514
f 1842 2052 274
f 1842 1843 2052
f 1843 273 2052
s 0
f 1512 1666 271
f 1512 1665 1666
f 1665 267 1666
f 1665 1664 267
f 1665 1841 1664
f 1841 268 1664
f 1511 1840 269
f 1511 1509 1840
f 1509 268 1840
f 1509 1664 268
f 1509 1510 1664
f 1510 267 1664
s 1
f 835 1201 265
f 835 833 1201
f 833 264 1201
f 833 1014 264
f 833 834 1014
f 834 263 1014
f 1839 1359 261
f 1839 1357 1359
f 1357 27 1359
f 1357 1358 27
f 1357 1663 1358
f 1663 259 1358
f 1356 1355 257
f 1356 1507 1355
f 1507 258 1355
f 1507 1508 258
f 1507 1663 1508
f 1663 260 1508
f 2051 2049 253
f 2051 831 2049
f 831 254 2049
f 831 832 254
f 831 1355 832
f 1355 258 832
f 2050 1013 256
f 2050 2048 1013
f 2048 255 1013
f 2048 830 255
f 2048 2049 830
f 2049 254 830
f 1782 2029 23
f 1782 1838 2029
f 1838 172 2029
f 1838 798 172
f 1838 1835 798
f 1835 169 798
f 2047 1621 67
f 2047 1662 1621
f 1662 65 1621
f 1662 2028 65
f 1662 2043 2028
f 2043 23 2028
f 1009 1005 231
f 1009 1506 1005
f 1506 234 1005
f 1506 1505 234
f 1506 1200 1505
f 1200 250 1505
f 821 1989 68
f 821 2046 1989
f 2046 67 1989
f 2046 2047 67
f 2046 1505 2047
f 1505 250 2047
f 1612 1837 14
f 1612 1661 1837
f 1661 252 1837
f 1661 2045 252
f 1661 1637 2045
f 1637 160 2045
f 2045 1660 252
f 2045 2044 1660
f 2044 251 1660
f 2044 1659 251
f 2044 2007 1659
f 2007 166 1659
f 1659 1836 251
f 1659 1834 1836
f 1834 22 1836
f 1834 1835 22
f 1834 1641 1835
f 1641 169 1835
f 1200 2043 250
f 1200 2042 2043
f 2042 23 2043
f 2042 1613 23
f 2042 1658 1613
f 1658 21 1613
f 1008 1658 240
f 1008 1657 1658
f 1657 21 1658
f 1657 1656 21
f 1657 1012 1656
f 1012 249 1656
f 824 1012 239
f 824 829 1012
f 829 249 1012
f 829 1011 249
f 829 828 1011
f 828 247 1011
f 2041 2035 237
f 2041 827 2035
f 827 238 2035
f 827 828 238
f 827 2039 828
f 2039 247 828
f 1833 1828 236
f 1833 2040 1828
f 2040 237 1828
f 2040 2041 237
f 2040 1655 2041
f 1655 245 2041
f 1307 1501 20
f 1307 1354 1501
f 1354 236 1501
f 1354 1833 236
f 1354 1353 1833
f 1353 243 1833
f 1656 1614 21
f 1656 1831 1614
f 1831 22 1614
f 1831 1832 22
f 1831 1199 1832
f 1199 248 1832
f 1011 1199 249
f 1011 1010 1199
f 1010 248 1199
f 1010 826 248
f 1010 825 826
f 825 246 826
f 2039 825 247
f 2039 2038 825
f 2038 246 825
f 2038 1830 246
f 2038 1829 1830
f 1829 244 1830
f 1502 1655 243
f 1502 1503 1655
f 1503 245 1655
f 1503 1829 245
f 1503 1504 1829
f 1504 244 1829
f 1350 1353 19
f 1350 1351 1353
f 1351 243 1353
f 1351 1502 243
f 1351 1352 1502
f 1352 242 1502
f 1980 1982 15
f 1980 1197 1982
f 1197 19 1982
f 1197 1350 19
f 1197 1198 1350
f 1198 241 1350
f 2034 1009 231
f 2034 2037 1009
f 2037 240 1009
f 2037 1008 240
f 2037 2036 1008
f 2036 239 1008
f 1652 2036 229
f 1652 1654 2036
f 1654 239 2036
f 1654 824 239
f 1654 1653 824
f 1653 238 824
f 1345 1653 227
f 1345 1349 1653
f 1349 238 1653
f 1349 2035 238
f 1349 1348 2035
f 1348 237 2035
f 1002 1348 225
f 1002 1007 1348
f 1007 237 1348
f 1007 1828 237
f 1007 1006 1828
f 1006 236 1828
f 817 1006 223
f 817 823 1006
f 823 236 1006
f 823 1501 236
f 823 1464 1501
f 1464 20 1501
f 1346 1347 233
f 1346 1500 1347
f 1500 235 1347
f 1500 822 235
f 1500 821 822
f 821 68 822
f 1346 1005 234
f 1346 1004 1005
f 1004 231 1005
f 1004 1003 231
f 1004 1196 1003
f 1196 232 1003
f 820 1003 232
f 820 819 1003
f 819 231 1003
f 819 2034 231
f 819 2033 2034
f 2033 229 2034
f 1827 2033 230
f 1827 1826 2033
f 1826 229 2033
f 1826 1652 229
f 1826 1651 1652
f 1651 227 1652
f 1499 1651 228
f 1499 1498 1651
f 1498 227 1651
f 1498 1345 227
f 1498 1344 1345
f 1344 225 1345
f 1195 1344 226
f 1195 1194 1344
f 1194 225 1344
f 1194 1002 225
f 1194 1001 1002
f 1001 223 1002
f 818 1001 224
f 818 816 1001
f 816 223 1001
f 816 817 223
f 816 815 817
f 815 24 817
f 814 815 222
f 814 813 815
f 813 24 815
f 813 1983 24
f 813 1979 1983
f 1979 15 1983
f 809 808 177
f 809 1650 808
f 1650 219 808
f 1650 1191 219
f 1650 1193 1191
f 1193 216 1191
f 1497 1495 218
f 1497 1496 1495
f 1496 219 1495
f 1496 1342 219
f 1496 1309 1342
f 1309 63 1342
f 1817 2027 176
f 1817 1825 2027
f 1825 214 2027
f 1825 2032 214
f 1825 1824 2032
f 1824 192 2032
f 2032 997 214
f 2032 2031 997
f 2031 207 997
f 2031 812 207
f 2031 2021 812
f 2021 193 812
f 1649 1187 211
f 1649 1192 1187
f 1192 208 1187
f 1192 1185 208
f 1192 1343 1185
f 1343 209 1185
f 812 996 207
f 812 810 996
f 810 208 996
f 810 1188 208
f 810 811 1188
f 811 212 1188
f 1000 2026 215
f 1000 2030 2026
f 2030 176 2026
f 2030 2014 176
f 2030 809 2014
f 809 177 2014
f 999 982 2
f 999 1648 982
f 1648 172 982
f 1648 2029 172
f 1648 2028 2029
f 2028 23 2029
f 1331 1342 63
f 1331 998 1342
f 998 219 1342
f 998 808 219
f 998 799 808
f 799 177 808
f 1191 1495 219
f 1191 1189 1495
f 1189 218 1495
f 1189 1341 218
f 1189 1190 1341
f 1190 217 1341
f 2023 2027 214
f 2023 2024 2027
f 2024 176 2027
f 2024 2026 176
f 2024 2025 2026
f 2025 215 2026
f 804 997 207
f 804 806 997
f 806 214 997
f 806 2023 214
f 806 807 2023
f 807 213 2023
f 1494 1188 212
f 1494 1186 1188
f 1186 208 1188
f 1186 1187 208
f 1186 1493 1187
f 1493 211 1187
f 805 1185 209
f 805 803 1185
f 803 208 1185
f 803 996 208
f 803 804 996
f 804 207 996
s 0
f 995 1340 204
f 995 993 1340
f 993 203 1340
f 993 1184 203
f 993 994 1184
f 994 202 1184
s 1
f 965 1183 10
f 965 991 1183
f 991 200 1183
f 991 2022 200
f 991 992 2022
f 992 199 2022
f 1182 1339 197
f 1182 1181 1339
f 1181 196 1339
f 1181 989 196
f 1181 988 989
f 988 194 989
f 802 988 195
f 802 801 988
f 801 194 988
f 801 1338 194
f 801 1337 1338
f 1337 4 1338
f 2021 1337 193
f 2021 1336 1337
f 1336 4 1337
f 1336 1306 4
f 1336 1492 1306
f 1492 5 1306
f 1491 1461 5
f 1491 1646 1461
f 1646 6 1461
f 1646 1647 6
f 1646 2020 1647
f 2020 191 1647
f 1824 1492 192
f 1824 1490 1492
f 1490 5 1492
f 1490 1491 5
f 1490 1820 1491
f 1820 184 1491
f 2020 1645 191
f 2020 2019 1645
f 2019 190 1645
f 2019 1823 190
f 2019 1821 1823
f 1821 183 1823
f 1823 987 190
f 1823 1822 987
f 1822 186 987
f 1822 1334 186
f 1822 1332 1334
f 1332 180 1334
f 1644 1335 189
f 1644 1643 1335
f 1643 188 1335
f 1643 1489 188
f 1643 1487 1489
f 1487 181 1489
f 1489 1180 188
f 1489 1488 1180
f 1488 187 1180
f 1488 2018 187
f 1488 2017 2018
f 2017 36 2018
f 1334 800 186
f 1334 1333 800
f 1333 185 800
f 1333 1179 185
f 1333 1176 1179
f 1176 179 1179
f 1820 1821 184
f 1820 1819 1821
f 1819 183 1821
f 1819 986 183
f 1819 1818 986
f 1818 178 986
f 986 1332 183
f 986 985 1332
f 985 180 1332
f 985 1330 180
f 985 1331 1330
f 1331 63 1330
f 1178 1487 182
f 1178 1177 1487
f 1177 181 1487
f 1177 1642 181
f 1177 1174 1642
f 1174 174 1642
f 1642 2017 181
f 1642 2015 2017
f 2015 36 2017
f 2015 2016 36
f 2015 1815 2016
f 1815 40 2016
f 1330 1176 180
f 1330 1329 1176
f 1329 179 1176
f 1329 1175 179
f 1329 1158 1175
f 1158 62 1175
f 1818 799 178
f 1818 1816 799
f 1816 177 799
f 1816 2014 177
f 1816 1817 2014
f 1817 176 2014
f 963 1174 3
f 963 984 1174
f 984 174 1174
f 984 1486 174
f 984 983 1486
f 983 173 1486
f 1486 1815 174
f 1486 1813 1815
f 1813 40 1815
f 1813 1814 40
f 1813 2013 1814
f 2013 45 1814
f 982 983 2
f 982 1328 983
f 1328 173 983
f 1328 1173 173
f 1328 1172 1173
f 1172 171 1173
f 1173 2013 173
f 1173 2011 2013
f 2011 45 2013
f 2011 2012 45
f 2011 981 2012
f 981 170 2012
f 798 1172 172
f 798 797 1172
f 797 171 1172
f 797 2010 171
f 797 2008 2010
f 2008 168 2010
f 2010 981 171
f 2010 2009 981
f 2009 170 981
f 2009 1812 170
f 2009 1811 1812
f 1811 167 1812
f 1641 2008 169
f 1641 1640 2008
f 1640 168 2008
f 1640 1485 168
f 1640 1483 1485
f 1483 165 1485
f 1485 1811 168
f 1485 1484 1811
f 1484 167 1811
f 1484 1327 167
f 1484 1326 1327
f 1326 164 1327
f 2007 1483 166
f 2007 2006 1483
f 2006 165 1483
f 2006 1810 165
f 2006 1807 1810
f 1807 159 1810
f 1810 1326 165
f 1810 1809 1326
f 1809 164 1326
f 1809 1171 164
f 1809 1808 1171
f 1808 163 1171
f 1480 1808 159
f 1480 1482 1808
f 1482 163 1808
f 1482 796 163
f 1482 1481 796
f 1481 161 796
f 795 1639 162
f 795 1638 1639
f 1638 158 1639
f 1638 1478 158
f 1638 1481 1478
f 1481 157 1478
f 1637 1807 160
f 1637 1636 1807
f 1636 159 1807
f 1636 1480 159
f 1636 1635 1480
f 1635 157 1480
f 1478 1479 158
f 1478 1477 1479
f 1477 12 1479
f 1477 1463 12
f 1477 1635 1463
f 1635 13 1463
s 0
f 1144 1366 578
f 1144 1778 1366
f 1778 637 1366
s 1
f 1632 1803 153
f 1632 1633 1803
f 1633 152 1803
f 1166 1323 150
f 1166 1167 1323
f 1167 149 1323
f 1630 1802 129
f 1630 1631 1802
f 1631 147 1802
f 1800 2004 146
f 1800 1801 2004
f 1801 145 2004
f 1475 1799 143
f 1475 1467 1799
f 1467 58 1799
f 1165 977 142
f 1165 974 977
f 974 99 977
f 2002 790 139
f 2002 2003 790
f 2003 140 790
f 1797 2002 139
f 1797 1798 2002
f 1798 138 2002
f 1320 1474 136
f 1320 1321 1474
f 1321 135 1474
f 788 976 133
f 788 789 976
f 789 132 976
f 1629 1796 130
f 1629 1630 1796
f 1630 129 1796
f 1163 1319 127
f 1163 1164 1319
f 1164 126 1319
s 0
f 2000 787 124
f 2000 2001 787
f 2001 123 787
s 1
f 1159 1318 78
f 1159 1162 1318
f 1162 121 1318
f 1316 1473 120
f 1316 1317 1473
f 1317 119 1473
f 1998 786 117
f 1998 1999 786
f 1999 116 786
f 1996 785 114
f 1996 1997 785
f 1997 113 785
f 783 975 111
f 783 784 975
f 784 110 975
f 1994 781 105
f 1994 1995 781
f 1995 104 781
f 779 974 100
f 779 780 974
f 780 99 974
f 1627 1795 97
f 1627 1628 1795
f 1628 96 1795
f 1993 1315 94
f 1993 1314 1315
f 1314 85 1315
f 972 1160 93
f 972 973 1160
f 973 92 1160
f 1313 1992 90
f 1313 1314 1992
f 1314 89 1992
f 1472 1312 88
f 1472 1311 1312
f 1311 85 1312
f 1310 1471 87
f 1310 1311 1471
f 1311 86 1471
f 777 971 84
f 777 778 971
f 778 83 971
f 1625 1794 81
f 1625 1626 1794
f 1626 80 1794
f 1990 776 76
f 1990 1991 776
f 1991 75 776
f 1469 1624 73
f 1469 1470 1624
f 1470 72 1624
f 1615 1793 30
f 1615 1623 1793
f 1623 70 1793
f 1989 1792 68
f 1989 1791 1792
f 1791 66 1792
f 1621 1791 67
f 1621 1622 1791
f 1622 66 1791
f 1157 1309 64
f 1157 1158 1309
f 1158 63 1309
f 1987 774 61
f 1987 1988 774
f 1988 60 774
f 1467 1620 58
f 1467 1468 1620
f 1468 57 1620
f 969 1156 55
f 969 970 1156
f 970 54 1156
s 0
f 1789 1986 52
f 1789 1790 1986
f 1790 51 1986
s 1
f 1788 773 49
f 1788 1781 773
f 1781 8 773
f 1154 1308 48
f 1154 1155 1308
f 1155 47 1308
f 1618 1787 45
f 1618 1619 1787
f 1619 44 1787
f 1785 1985 42
f 1785 1786 1985
f 1786 41 1985
f 1616 1783 36
f 1616 1617 1783
f 1617 35 1783
f 1465 1615 30
f 1465 1466 1615
f 1466 29 1615
f 967 1152 27
f 967 968 1152
f 968 26 1152
f 1981 1983 15
f 1981 1464 1983
f 1464 24 1983
f 1613 1782 23
f 1613 1614 1782
f 1614 22 1782
f 1981 1307 20
f 1981 1982 1307
f 1982 19 1307
f 1978 1980 15
f 1978 966 1980
f 966 18 1980
f 1978 772 17
f 1978 1979 772
f 1979 16 772
f 1462 1612 14
f 1462 1463 1612
f 1463 13 1612
f 964 1151 11
f 964 965 1151
f 965 10 1151
f 1305 1461 6
f 1305 1306 1461
f 1306 5 1461
f 770 963 3
f 770 771 963
f 771 2 963
